Updated Projectid,Registration Number,Builder Name,Project Category,Project Name,State,District,Project Registration Date,Declared Date Of Completion,Tehsil,Total area in round figure (Sq.mt.),Latitude,Longtitude,Architect Name
R217045,UPRERAPRJ809,OMAXE LIMITED,Residential,"GH-1 (GRAND OMAXE), PHASE - 1, AT OMAXE INTEGRATED",Uttar Pradesh,Lucknow,27-07-2017,31-07-2023,Lucknow,8623,26.810941,80.997935,PRAKASH KUMAR
#N/A,UPRERAPRJ463811,"PARAMPARA BUILDERS PVT LTD
KUNTI DEVI JAIN
MANISH KUMAR JAIN
NAVEEN KUMAR JAIN
PRAVEEN KUMAR JAIN",Mixed,PARAMPARA ELITE,Uttar Pradesh,Moradabad,19-09-2022,1/1/2023,Moradabad,55257,28.81608,78.7018,PARAG AGARWAL
R922,UPRERAPRJ17551,SUPERTECH ORB PROJECT PRIVATE LIMITED,Residential,SUPERTECH CAPETOWN (PHASE-V),Uttar Pradesh,Gautam Buddha Nagar,19-09-2018,30-09-2024,Gautam Buddha Nagar,10541,28.573404,77.387714,Space Designers International
#N/A,UPRERAPRJ852,"SUPER CITY DEVELOPERS PVT LTD
AVINYA REALTECH INDIA PVT LIMITED-MILAN GROUP",Residential,MAYFAIR RESIDENCY,Uttar Pradesh,Gautam Buddha Nagar,14-08-2017,31-12-2018,Gautam Buddha Nagar,24000,31.6504,73.919,DEEPAK MEHTA & ASSOCIATES
#N/A,UPRERAPRJ11478,MAHADEV BUILDERS AND DEVELOPERS,Residential,SHRI MAHADEV VILLA,Uttar Pradesh,Varanasi,15-08-2017,31-12-2021,Varanasi,638,25.3,82.98,SANJEEV KUMAR GUPTA
R230607,UPRERAPRJ1350,OMAXE LIMITED,Residential,OMAXE HEIGHT-II PHASE-1 (THE PALACE),Uttar Pradesh,Lucknow,27-07-2017,31-12-2022,Lucknow,6816,26.806774,81.005767,PRAKASH KUMAR 
#N/A,UPRERAPRJ964895,"TRINITY RENAISSANCE CONSTRUCTION
MOHAMMAD KHALID UMER FAROOQUI
TRINITY RENAISSANCE CONSTRUCTION",Commercial,ONEX,Uttar Pradesh,Lucknow,24-06-2019,21-05-2020,Lucknow,2659,26.775018,80.948758,MOHD. SABAHAT
R1160,UPRERAPRJ4968,SUPERTECH LIMITED,Residential,SUPERTECH ECO VILLAGE-II (PHASE-IV),Uttar Pradesh,Gautam Buddha Nagar,10/8/2017,30-12-2022,Gautam Buddha Nagar,9671,28.610574,77.442808,
#N/A,UPRERAPRJ569177,NIRALA HOUSING PRIVATE LIMITED,Commercial,ASPIRE PLAZA,Uttar Pradesh,Gautam Buddha Nagar,26-06-2020,31-03-2024,Gautam Buddha Nagar,3837,27.66434043,78.14738738,Ar. Ashish Bhatnagar
#N/A,UPRERAPRJ7272,R. R. DWELLINGS PVT LTD,Residential,CELEBRITY GARDENS BLOCK D,Uttar Pradesh,Lucknow,31-07-2017,20-07-2015,Lucknow,2976,26.783349 N,26.782510 N,Viresh Kumar
#N/A,UPRERAPRJ7326,R. R. DWELLINGS PVT LTD,Residential,CELEBRITY GARDENS BLOCK E,Uttar Pradesh,Lucknow,31-07-2017,20-07-2015,Lucknow,546,26.783349 N,26.782510 N,Viresh Kumar
R217985,UPRERAPRJ6682,RISHITA DEVELOPERS PRIVATE LIMITED,Residential,RISHITA MANHATTAN (PHASE-I),Uttar Pradesh,Lucknow,4/8/2017,31-12-2022,Lucknow,40198,26.813128,80.996458,DESIGN FORUM INTERNATIONAL
#N/A,UPRERAPRJ7139,R. R. DWELLINGS PVT LTD,Residential,CELEBRITY GARDENS BLOCK B,Uttar Pradesh,Lucknow,31-07-2017,31-03-2018,Lucknow,546,26.783349 N,26.782510 N,Viresh Kumar
R34314,UPRERAPRJ3330,MAHAGUN (INDIA) PVT. LTD.,Residential,MAHAGUN MYWOODS,Uttar Pradesh,Gautam Buddha Nagar,28-07-2017,30-06-2021,Gautam Buddha Nagar,145738,28 37 20.41 N,77 25 30.09 E,GIAN.P.MATHUR
#N/A,UPRERAPRJ341534,"RISE PROJECTS PVT LTD
EUPHORIA SPORTS CITY PRIVATE LIMITED",Commercial,"RISE SQUARE - PALM STREET, MADISON SQUARE, BROADWAY STREET",Uttar Pradesh,Gautam Buddha Nagar,2/5/2019,31-07-2022,Gautam Buddha Nagar,15600,28.57496534,77.42708837,Mr. RACHIT SHARMA
#N/A,UPRERAPRJ8337,SUPERTECH LIMITED,Residential,SUPERTECH ECO VILLAGE-II PHASE I-C,Uttar Pradesh,Gautam Buddha Nagar,9/8/2017,30-12-2017,Gautam Buddha Nagar,31268,28.610574,77.442808,Space Designer International
R8874,UPRERAPRJ5854,SUPERTECH TOWNSHIP PROJECT LIMITED,Residential,SUPERTECH GOLF COUNTRY (PHASE-II),Uttar Pradesh,Gautam Buddha Nagar,14-08-2017,30-03-2019,Gautam Buddha Nagar,41793,28.300814,77.543903,Space Designer International
R599,UPRERAPRJ3894,JAYPEE INFRATECH LIMITED,Residential,"JAYPEE GREENS KOSMOS - C, NOIDA",Uttar Pradesh,Gautam Buddha Nagar,28-07-2017,31-12-2018,Gautam Buddha Nagar,23018,28^ 30' 42'',77^ 23' 02'',M/s ARCOP ASSOCIATES PVT. LTD
R921,UPRERAPRJ4243,LOGIX INFRATECH PRIVATE LIMITED,Residential,"BLOSSOM GREENS ( PHASE- 4 TOWERS - E , F & G)",Uttar Pradesh,Gautam Buddha Nagar,3/8/2017,1/10/2021,Gautam Buddha Nagar,16480,77.3273 E,28.5874 N,
R5996,UPRERAPRJ10246,IITL-NIMBUS THE EXPRESS PARK VIEW,Residential,"IITL NIMBUS THE EXPRESS PARK VIEW (TOWER I1, J1, K1)",Uttar Pradesh,Gautam Buddha Nagar,14-08-2017,31-03-2019,Gautam Buddha Nagar,18785,28.430578,77.504507,M/S. GYAN P MATHUR & ASSOCIATES PRIVATE LIMITED
R4376,UPRERAPRJ980703/04/2024,EXPRESS BUILDERS & PROMOTERS PVT. LTD.,Residential,EXPRESS ZENITH (TOWER A),Uttar Pradesh,Gautam Buddha Nagar,4/4/2024,13-12-2025,Gautam Buddha Nagar,3900,28.570099,77.393013,Fourth Dimension
R7894,UPRERAPRJ6377,CAPITAL INFRATECHOMES PRIVATE LIMITED,Residential,CAPITAL ATHENA (PHASE-2),Uttar Pradesh,Gautam Buddha Nagar,12/8/2017,31-12-2020,Gautam Buddha Nagar,14962,285740975,774282424,Andleys Associates Pvt.Ltd.
R23822,UPRERAPRJ520064,VIRAJ CONSTRUCTIONS PVT. LTD.,Residential,LOTUS COURT PHASE II TOWER 5,Uttar Pradesh,Lucknow,30-06-2023,15-01-2028,Lucknow,4850,26.8838621,81.05463027,Ar. Rajit Arya
#N/A,UPRERAPRJ5539,SUPERTECH LIMITED,Residential,SUPERTECH NORTHEYE (PHASE-II),Uttar Pradesh,Gautam Buddha Nagar,10/8/2017,30-12-2020,Gautam Buddha Nagar,24685,28.572374,77.387938,VISHAL MITTAL Space Designers International
#N/A,UPRERAPRJ5442,THREE C PROPERTIES PRIVATE LIMITED,Residential,LOTUS ISLE (RESIDENTIAL),Uttar Pradesh,Gautam Buddha Nagar,11/8/2017,31-03-2021,Gautam Buddha Nagar,10240,28'31'58.69'N,77'21'41.79'E,Kulmeet Shangari
R1345,UPRERAPRJ7223,SUPERTECH REALTORS PRIVATE LIMITED,Residential,SUPERNOVA PHASE-I (NOVA EAST AND NOVA WEST),Uttar Pradesh,Gautam Buddha Nagar,13-08-2017,30-06-2019,Gautam Buddha Nagar,15985,29.1417703,77.336962, modarch india 
#N/A,UPRERAPRJ3627,UPPAL CHADHA HI-TECH DEVELOPERS PVT. LTD.,Residential,UCHDPL-SECTOR-15-PLOTS,Uttar Pradesh,Gautam Buddha Nagar,28-07-2017,30-11-2020,Gautam Buddha Nagar,396739,28.64307,77.52057,NA
R312785,UPRERAPRJ831593,OMEGA DEVELOPER AND BUILDERS,Residential,WINDSOR GREENS PHASE-4,Uttar Pradesh,Lucknow,14-10-2021,31-12-2025,Lucknow,8472,26.89787,81.072638,Ar. Vishal Mittal
R325311,UPRERAPRJ447396,RISHITA DEVELOPERS PRIVATE LIMITED,Residential,RISHITA MULBERRY HEIGHTS PHASE-6,Uttar Pradesh,Lucknow,16-04-2021,31-12-2024,Sarojini Nagar,7779,26.7805,81.0085,Design Forum International 
R78371,UPRERAPRJ101801,M/S DIVYANSH HOMES PVT. LTD,Residential,DIVYANSH ONYX PHASE-II,Uttar Pradesh,Ghaziabad,1/4/2021,30-06-2023,Ghaziabad,7092,28.3912,77.2835,Vishal Mittal
R262156,UPRERAPRJ793157/10/2024,"OMAXE PANCHAM REALCON PVT. LTD. (FOMERLY PANCHAM REALCON PVT. LTD.)
AVIRAL COLONIZERS PRIVATE LIMITED
BEAUTIFUL LANDBASE PRIVATE LIMITED
SATKAR COLONISERS PRIVATE LIMITED",Residential,AANANDA NEW TOWER,Uttar Pradesh,Prayagraj,11/10/2024,15-04-2029,Karchhana,7237,25.38907,81.890277,Apurba Borah
#N/A,UPRERAPRJ141252,GALAXY REAL ESTATE DEVELOPERS AND BUILDERS PVT.LTD,Residential,SHIVALIK AKSHAY,Uttar Pradesh,Kanpur Nagar,1/10/2020,31-12-2026,Kanpur,6140,26.543293,80.262034,Ar. Vijai Prakash Gupta
R393708,UPRERAPRJ734569,GAURSONS INDIA PRIVATE LIMITED,Residential,THE ISLANDS,Uttar Pradesh,Gautam Buddha Nagar,9/6/2022,3/4/2030,Dadri,9018,28.467302,77.510531,ATEESH AGGARWAL
R4564,UPRERAPRJ6476,TRIDENT INFRA HOMES PVT. LTD.,Residential,"TRIDENT EMBASSY PHASE-2 (TOWERS G,H, I)",Uttar Pradesh,Gautam Buddha Nagar,31-07-2017,31-12-2018,Gautam Buddha Nagar,7848,28.57064051,77.44553848,ANDLEYS ASSOCIATES PVT LTD
#N/A,UPRERAPRJ790651/09/2024,PRATEEK REALTORS INDIA PRIVATE LIMITED,Residential,PRATEEK GRAND BEGONIA (PHASE I),Uttar Pradesh,Ghaziabad,14-09-2024,10/6/2029,Ghaziabad,22284,28.648,77.4032,Anuj Agarwal Architects
#N/A,UPRERAPRJ711641,"SHARDA GARMENTS PRIVATE LIMITED
ASHRAY INFOSOLUTIONS PRIVATE LIMITED",Residential,BROOKSIDE VALLEY,Uttar Pradesh,Ghaziabad,7/11/2023,6/8/2028,Ghaziabad,23540,28.72071,77.45327,Anuj Agarwal
R1125,UPRERAPRJ10275,CAPITAL INFRAPROJECTS PRIVATE LIMITED,Residential,THE GOLDEN PALMS (TOWER-O),Uttar Pradesh,Gautam Buddha Nagar,14-08-2017,31-12-2018,Gautam Buddha Nagar,12124,28.497688,77.408848,M/S. GYAN P MATHUR & ASSOCIATES PRIVATE LIMITED
#N/A,UPRERAPRJ11643,CBS INTERNATIONAL PROJECTS PRIVATE LIMITED,Residential,NOIDA WORLD ONE - PHASE 5,Uttar Pradesh,Gautam Buddha Nagar,15-08-2017,1/5/2022,Gautam Buddha Nagar,4000,28 30 52.81,77 24 47.11,Space Combine
#N/A,UPRERAPRJ4188,PAARTH INFRABUILD PRIVATE LIMITED,Residential,ARKA PHASE 1 (EWS/LIG),Uttar Pradesh,Lucknow,10/8/2017,20-12-2018,Lucknow,3918,81 00 52,26 48 20 ,M/s. Rudrabhishek Enterprises (P) Ltd.
R2738,UPRERAPRJ3469,UPPAL CHADHA HI-TECH DEVELOPERS PVT. LTD.,Residential,UCHDPL-SECTOR-7-PLOTS,Uttar Pradesh,Ghaziabad,28-07-2017,31-05-2020,Ghaziabad,225488,28.63958,77.50689,NA
R325311,UPRERAPRJ308470,RISHITA DEVELOPERS PRIVATE LIMITED,Residential,RISHITA MULBERRY HEIGHTS PHASE 3,Uttar Pradesh,Lucknow,19-03-2020,31-03-2024,Sarojini Nagar,18314,26.781081,81.009128,Design Forum International
R8874,UPRERAPRJ5848,SUPERTECH TOWNSHIP PROJECT LIMITED,Residential,SUPERTECH GOLF COUNTRY (PHASE-I),Uttar Pradesh,Gautam Buddha Nagar,14-08-2017,30-06-2018,Gautam Buddha Nagar,33096,28.300814,77.543903,Space Designer International
R43270,UPRERAPRJ12128,PYRAMID TOWNSHIPS PRIVATE LIMITED,Residential,SPEEDWAY AVENUE,Uttar Pradesh,Gautam Buddha Nagar,18-10-2017,21-02-2019,Gautam Buddha Nagar,9715,28 21 27 N,77 31 08 E,GIAN P MATHUR
R374312,UPRERAPRJ773536,ROSEBERRY ESTATE LLP,Residential,GODREJ WOODS PHASE-3,Uttar Pradesh,Gautam Buddha Nagar,14-01-2022,20-10-2027,Gautam Buddha Nagar,7653,28.558,77.351,Ar. Abhishek Verma C.o. RSP Design Consultants Pvt. Ltd.
R8874,UPRERAPRJ403642,SUPERTECH TOWNSHIP PROJECT LIMITED,Residential,GOLF COUNTRY PHASE-P2,Uttar Pradesh,Gautam Buddha Nagar,15-10-2020,31-12-2022,Gautam Buddha Nagar,66388,28.300814,77.543903,Vikas Mittal
#N/A,UPRERAPRJ11681,SAHU LANDMARK PRIVATE LIMITED,Residential,SAHU LANDMARK,Uttar Pradesh,Lucknow,31-08-2017,31-10-2018,Malihabad,101000,27.027441,80.693364,Arvind Kumar Gupta
#N/A,UPRERAPRJ11940,RELPRO BUILCON PRIVATE LIMITED,Residential,EAST DEFENACE COLONY OLD NAME RELPRO RESIDETIA,Uttar Pradesh,Meerut,17-10-2017,3/12/2020,Meerut,22700,29.017827,77.761857,D. Mohan
#N/A,UPRERAPRJ12323,WORDTECH INFRAPROMOTERS P LTD,Residential,VASUNDHARA APARTMENT,Uttar Pradesh,Rampur,26-08-2017,31-12-2019,Bilaspur,5575,28.9671223,79.3747141,Pawan Bhatt
R382880,UPRERAPRJ336575,"TANDT INFRA DEVELOPERS PRIVATE LIMITED
ADARSH NAGAR PRAGATISHEEL SEHKARI AWAS SAMITI LTD",Residential,DIGITOWN PHASE-1,Uttar Pradesh,Ghaziabad,22-10-2021,30-08-2026,Ghaziabad,4900,28.651531,77.400116,Ar. Dipanjan Mitra
#N/A,UPRERAPRJ798491/11/2024,"SWEKRETI RESIDENCY LLP
SWEKRETI GREENS LLP
SWEKRETI REALTORS LLP",Residential,VEDANSHA GREENS-3,Uttar Pradesh,Moradabad,25-11-2024,20-08-2029,Moradabad,39991,28.873547,78.764457,BHARAT MALIK
R23652,UPRERAPRJ3989,UPPAL CHADHA HI-TECH DEVELOPERS PVT. LTD.,Residential,UCHDPL-WAVE EXECUTIVE FLOORS-GH,Uttar Pradesh,Ghaziabad,29-07-2017,31-12-2019,Ghaziabad,53610,28.64348,77.51148,Rajiv Khanna And Associates Private Limited
#N/A,UPRERAPRJ343018,LAXMI ASSOCIATES,Residential,GREEN PARK,Uttar Pradesh,Bagpat,8/10/2021,1/8/2024,Baraut,33120,29.08618,77.28646,Jitendra Sharma - Shelter Architects and Engineers
R400436,UPRERAPRJ507062,"THEMECOUNTY PRIVATE LIMITED
AMBIENCE PRIVATE LIMITED",Residential,IVORY COUNTY PHASE-3,Uttar Pradesh,Gautam Buddha Nagar,26-07-2023,31-12-2029,Gautam Buddha Nagar,27624,28.335717,77.240579,Vishal Sharma
#N/A,UPRERAPRJ770757/02/2024,PURVANCHAL PROJECTS PRIVATE LIMITED,Commercial,PURVANCHAL SKYLINE VISTA,Uttar Pradesh,Gautam Buddha Nagar,24-02-2024,20-10-2028,Gautam Buddha Nagar,10031,28.5511,77.3272,ARUN PATWAL 
R329835,UPRERAPRJ735034,SCC BUILDERS PVT. LTD.,Residential,SCC BLOSSOM (PMAY) PH-1 BLOCK X,Uttar Pradesh,Ghaziabad,16-04-2019,30-05-2021,Ghaziabad,3522,28.705489,77.436161,ANUJ AGARWAL ARCHITECTS
R978,UPRERAPRJ8319,SUPERTECH LIMITED,Residential,SUPERTECH ECO VILLAGE-3 PHASE-3,Uttar Pradesh,Gautam Buddha Nagar,8/8/2017,31-05-2021,Gautam Buddha Nagar,6940,28.605245,77.453561,
#N/A,UPRERAPRJ4897,GAURSONS HI-TECH INFRASTRUCTURE PRIVATE LIMITED,Residential,GAUR MULBERRY MANSIONS - FH-03,Uttar Pradesh,Gautam Buddha Nagar,31-07-2017,31-10-2022,Gautam Buddha Nagar,566103,28.55659387,77.43467499,Ateesh Agarwal
#N/A,UPRERAPRJ3386,STRATEGIC DEVELOPERS PRIVATE LIMITED,Residential,ROYAL COURT,Uttar Pradesh,Gautam Buddha Nagar,1/8/2017,31-03-2019,Dadri,12000,28.36.30,77.27.32,GIAN P. MATHUR & ASSOCIATES PVT LTD
#N/A,UPRERAPRJ4124,LOGIX INFRA DEVELOPERS PVT.LTD.,Residential,"NEOWORLD ( PHASE-1 TOWER-D, E &F)",Uttar Pradesh,Gautam Buddha Nagar,31-07-2017,31-12-2020,Gautam Buddha Nagar,10990,77.4874,28.4227,
R28166,UPRERAPRJ6920,SAVFAB DEVELOPERS PRIVATE LIMITED,Residential,JASMINE GROVE,Uttar Pradesh,Ghaziabad,31-07-2017,31-12-2020,Ghaziabad,29430,28.6697,77.4864,Space DesignersInternational
R7380,UPRERAPRJ5633,LANDCRAFT DEVELOPERS PRIVATE LIMITED,Residential,GOLF LINKS PHASE 2,Uttar Pradesh,Ghaziabad,30-07-2017,31-03-2020,Ghaziabad,30303,28.659972,77.473167,Vishal Mittal
#N/A,UPRERAPRJ3444,WAVE ONE PRIVATE LIMITED,Commercial,WOPL-WONE,Uttar Pradesh,Gautam Buddha Nagar,28-07-2017,30-06-2020,Gautam Buddha Nagar,14324,28.570799,77.323533,Nostri Architects
#N/A,UPRERAPRJ10748,MEHANDIPUR BALAJI DWELLING PRIVATE LIMITED,Residential,ANUPAM DAFFODILS,Uttar Pradesh,Agra,15-08-2017,31-12-2018,Agra,4610,27'14'04.42'N,77'59'59'E,AMIT AGARWAL
R49332,UPRERAPRJ7476,HIGH END INFRATECH PRIVATE LIMITED,Residential,"WINDSOR PARADISE-II (BLOCK NO:B,C,H & SCHOOL)",Uttar Pradesh,Ghaziabad,31-07-2017,14-07-2022,Ghaziabad,8207,28 42' 28.36' N,77 25'28.83' E,ANUJ AGARWAL
R2738,UPRERAPRJ3790,UPPAL CHADHA HI-TECH DEVELOPERS PVT. LTD.,Residential,UCHDPL-SECTOR-5-WAVE FLOORS,Uttar Pradesh,Ghaziabad,28-07-2017,31-10-2019,Ghaziabad,3179,28.65539,77.51038,Niraj Kumar Nanda
#N/A,UPRERAPRJ13686,REAL IMAGE DEVELOPERS PVT. LTD.,Residential,RUDRAKSH APARTMENTS,Uttar Pradesh,Bareilly,18-10-2017,3/3/2021,Bareilly,4572,28.375593,79.461016,NAND KISHORE
R15378,UPRERAPRJ6721,SOLITAIRE REALINFRA PRIVATE LIMITED,Residential,SOLITAIRIAN CITY - (SOLI-)PHASE-2,Uttar Pradesh,Gautam Buddha Nagar,31-07-2017,31-12-2020,Gautam Buddha Nagar,28213,28.358191,77.53099,VISHAL SHARMA
#N/A,UPRERAPRJ8960,APEX INFRAVENTURES PVT. LTD.,Residential,APEX COURT,Uttar Pradesh,Gautam Buddha Nagar,10/8/2017,30-06-2019,Gautam Buddha Nagar,4740,28.3356,77.2905,Gian.P. Mathur
#N/A,UPRERAPRJ986676,S. J. P. HOTELS & RESORTS PVT LTD,Commercial,MIGSUN JANPATH,Uttar Pradesh,Lucknow,23-09-2021,10/12/2024,Sarojini Nagar,7373,28.42624,77.10519,VISHAL MITTAL
#N/A,UPRERAPRJ9425,DOLPHIN COLONIZERS PVT LTD,Residential,ANAND DHAM T1,Uttar Pradesh,Kanpur Nagar,13-08-2017,17-03-2019,Kanpur,2143,26 32 58,26 32 59,RICHA GUPTA
R6128,UPRERAPRJ3142,IMPERIA STRUCTURES LTD,Residential,MIRAGE PHASE I,Uttar Pradesh,Gautam Buddha Nagar,28-07-2017,31-03-2021,Gautam Buddha Nagar,10242,"28.3472222,77.52333333333333",5.25E+13,"ACPL Design Ltd, Ashok Narayan Pandit"
#N/A,UPRERAPRJ185345,"M/S SHALIMAR KSMB PROJECTS
ARIF ZAMIR FAROOQUI
MOHAMMAD ZAKARIA",Residential,GARDEN BAY IRIS VILLAS,Uttar Pradesh,Lucknow,28-07-2021,30-05-2023,Lucknow,3266.36,26.920884,80.884927,Mr. Rudraksha Charan
R378409,UPRERAPRJ677294,STAR LANDCRAFT PRIVATE LIMITED,Residential,ACE STARLIT,Uttar Pradesh,Gautam Buddha Nagar,25-05-2021,30-04-2025,Gautam Buddha Nagar,27496,28.44513904,77.47142836,Labib Alam
R1084,UPRERAPRJ8592,PANCHSHEEL BUILDTECH PVT. LTD.,Residential,"PANCHSHEEL GREENS - II (TOWER - D1,D2& E5)",Uttar Pradesh,Gautam Buddha Nagar,12/8/2017,31-08-2021,Select,8922,"28,36,22","77,27,33",Oasis Designs incorporated
R265239,UPRERAPRJ8678,PANCHSHEEL BUILDTECH PVT. LTD.,Residential,"PANCHSHEEL PRIME 390 PHASE - 2 (BLOCK - 19 TO 23,2",Uttar Pradesh,Ghaziabad,12/8/2017,31-08-2020,Ghaziabad,6184,"28,40,38","77,29,11",Gaurav Singla
#N/A,UPRERAPRJ3843,JAYPEE INFRATECH LIMITED,Residential,"JAYPEE GREENS KASA ISLES, NOIDA",Uttar Pradesh,Gautam Buddha Nagar,28-07-2017,31-03-2020,Gautam Buddha Nagar,63561,28^ 30' 42'',77^ 23' 02'',M/s ARCOP ASSOCIATES PVT. LTD
#N/A,UPRERAPRJ14749,UPPAL CHADHA HI-TECH DEVELOPERS PVT. LTD.,Residential,SECTOR-5-EWS/LIG-PHASE 02,Uttar Pradesh,Ghaziabad,31-01-2018,31-12-2021,Ghaziabad,12930,28.64348,77.51148,Niraj kumar nanda
#N/A,UPRERAPRJ10324,TIRUPATI BUILDERS,Residential,GORAKHDHAM ENCLAVE,Uttar Pradesh,Gorakhpur,13-08-2017,3/6/2019,Gorakhpur,2987,"26,77,61","83,36,00",RAKESH KUMAR
#N/A,UPRERAPRJ4119,OMAXE LIMITED,Residential,GH-7 (EWS & LIG) AT OMAXE INTEGRATED TOWNSHIP,Uttar Pradesh,Lucknow,29-07-2017,31-12-2020,Lucknow,11550,26.805472,81.000536,PRAKASH KUMAR 
R265239,UPRERAPRJ8687,PANCHSHEEL BUILDTECH PVT. LTD.,Residential,"PANCHSHEEL PRIME 390 PHASE -4 (BLOCK-24,25,31 TO 3",Uttar Pradesh,Ghaziabad,12/8/2017,31-08-2022,Ghaziabad,7422,"28,40,38","77,29,11",Gaurav Singla
#N/A,UPRERAPRJ877113,PEYUSH INFRAREALTORS LLP,Residential,PEARL GREEN,Uttar Pradesh,Moradabad,28-07-2023,30-06-2027,Moradabad,39635.08,28.911571,78.720462,Vinayak Gupta
#N/A,UPRERAPRJ7263,SUPERTECH REALTORS PRIVATE LIMITED,Commercial,SUPERNOVA PHASE-III (ASTRALIS - COMMERCIAL),Uttar Pradesh,Gautam Buddha Nagar,13-08-2017,31-12-2018,Gautam Buddha Nagar,10657,29.1417703,77.336962, modarch india 
R921,UPRERAPRJ4766,LOGIX INFRATECH PRIVATE LIMITED,Residential,"BLOSSOM GREENS(PHASE-6 TOWER -U,V,W & SHOP)",Uttar Pradesh,Gautam Buddha Nagar,3/8/2017,31-12-2021,Gautam Buddha Nagar,11909,77.3273 E,28.5874 N,
R1084,UPRERAPRJ8574,PANCHSHEEL BUILDTECH PVT. LTD.,Residential,"PANCHSHEEL GREENS - II (TOWER-C1 TO C4,188 VILLAS)",Uttar Pradesh,Gautam Buddha Nagar,12/8/2017,31-03-2019,Gautam Buddha Nagar,23811,"28,36,22","77,27,33",Oasis Designs incorporated
R23822,UPRERAPRJ4599,VIRAJ CONSTRUCTIONS PVT. LTD.,Residential,"LOTUS COURT (PHASE 1), BBD GREEN CITY",Uttar Pradesh,Lucknow,8/8/2017,31-12-2020,Lucknow,15417,26.88426062,81.05540289,DESIGN GROUP
#N/A,UPRERAPRJ407418,JUGAL KISHORE & NDBG SAGE CITY LLP,Residential,THE SAGE CITY,Uttar Pradesh,Lucknow,30-07-2019,9/3/2024,Sarojini Nagar,100659,26.879641,80.56982,DESIGNER WING
#N/A,UPRERAPRJ596460,TANMAY PROJECTS LLP (FORMERLY TANMAY PROJECTS PRIVATE LIMITED),Commercial,DWARIKA STREET,Uttar Pradesh,Agra,24-02-2023,10/8/2027,Agra,1740,27.193731,77.93201,Kwanit Sharma
R344889,UPRERAPRJ950870,GULSHAN HOMZ PRIVATE LIMITED,Residential,GULSHAN DYNASTY,Uttar Pradesh,Gautam Buddha Nagar,19-11-2019,30-11-2024,Gautam Buddha Nagar,23504,282950.06,772618.03,VISHAL SHARMA
#N/A,UPRERAPRJ6974,UNNATI FORTUNE HOLDINGS LTD,Residential,THE ARANYA PHASE 2,Uttar Pradesh,Gautam Buddha Nagar,31-07-2017,30-04-2018,Gautam Buddha Nagar,15900,28 35'23.90' N,77 24'08.59' E,
#N/A,UPRERAPRJ4817,JAVIN CONSTRUCTION PRIVATE LIMITED,Residential,RAJ EMPIRE (PHASE-I),Uttar Pradesh,Ghaziabad,5/8/2017,25-01-2018,Ghaziabad,10500,"28,42,35 N","77,25,05 E",PREM CHAND TURAI
R50678,UPRERAPRJ9777,M/S SHALIMAR CORP LTD.,Residential,SHALIMAR PARADISE PHASE-1,Uttar Pradesh,Barabanki,12/8/2017,30-12-2018,Nawabganj,48254,26.899636,81.10873,JSR Architecture Interioors
#N/A,UPRERAPRJ521563/04/2024,"OMAXE LIMITED
ADVAY PROPERTIES PRIVATE LIMITED",Residential,OMAXE GH-6 PHASE-2,Uttar Pradesh,Lucknow,23-04-2024,16-08-2028,Sarojini Nagar,995,26.814063,80.992341,Apurba Borah
#N/A,UPRERAPRJ15467,SANSKAR HOUSING & DEVELOPERS,Residential,SANSKAR VALLEY,Uttar Pradesh,Jhansi,20-03-2018,26-02-2023,Jhansi,52477,25.454788,78.645286,LANTERN ARCHITECTS
#N/A,UPRERAPRJ744618/10/2024,"SONAL INFRAVENTURE
ASHUTOSH TIWARI
RAJEEV TIWARI
SHIVANSH TIWARI",Residential,SONAL PALMS,Uttar Pradesh,Prayagraj,4/10/2024,30-04-2029,Phulpur,11448,25.430543,81.925078,Ar. MANISH GUJRAL
#N/A,UPRERAPRJ3111,ATS REALTY PRIVATE LIMITED,Residential,ATS HEDGES - PH1,Uttar Pradesh,Gautam Buddha Nagar,31-07-2017,12/10/2024,Gautam Buddha Nagar,17893,28.286903,77.557787,Ar. Gaurav Sood
R2470,UPRERAPRJ4670,BCC INFRASTRUCTURES PRIVATE LIMITED,Residential,BHARAT CITY-2A,Uttar Pradesh,Ghaziabad,11/8/2017,31-01-2020,Ghaziabad,53000,28.726382,77.339064,Anuj Agarwal Architects Private Limited
R315715,UPRERAPRJ5430,OMAXE GARV BUILTECH PRIVATE LIMITED (FOMERLY GARV BUILDTECH PRIVATE LIMITED),Residential,OMAXE METRO CITY (HITECH TOWNSHIP) P8,Uttar Pradesh,Lucknow,29-07-2017,31-12-2024,Lucknow,215822,26.723721,80.944936,PRAKASH KUMAR 
#N/A,UPRERAPRJ355095/05/2024,"ANSAL IT CITY & PARKS LIMITED
MAHALUXMI BUILDTECH LIMITED
MAHALUXMI INFRAHOME PVT LTD",Commercial,MIGSUN CENTRAL MARKET,Uttar Pradesh,Gautam Buddha Nagar,1/5/2024,17-10-2028,Gautam Buddha Nagar,13349,28.47529,77.52232,Kulmeet Shangari
#N/A,UPRERAPRJ10533,"IITL-NIMBUS THE HYDE PARK,NOIDA",Residential,IITL-NIMBUS THE HYDE PARK NOIDA (COMMERCIAL -HYDE,Uttar Pradesh,Gautam Buddha Nagar,14-08-2017,31-03-2018,Gautam Buddha Nagar,600,28.56406,77.388595,M/S. NATIONAL ARCHITECTS & ENGINEERS
#N/A,UPRERAPRJ10308,STARTLE INFRASTRUCTURE PRIVATE LIMITED,Commercial,DELTA CITY CENTRE,Uttar Pradesh,Gautam Buddha Nagar,13-08-2017,9/10/2019,Gautam Buddha Nagar,1400,28.483522,77.525833,KHURSHEED AHMED MALIK
#N/A,UPRERAPRJ594236,DR SATYENDRA VERMA,Residential,GREENWOOD ESTATE,Uttar Pradesh,Muzaffarnagar,5/3/2022,30-06-2026,Shamli **,30590,29.4564411,77.3273358,AR GARIMA SINGH
#N/A,UPRERAPRJ180127,IITL-NIMBUS THE EXPRESS PARK VIEW,Commercial,THE PARK STREET,Uttar Pradesh,Gautam Buddha Nagar,31-10-2019,31-03-2021,Gautam Buddha Nagar,1426,28.430578,77.504507,HIMANSHU CHOPRA OF MS. GIAN P. MATHUR AND ASSOCIATES PRIVATE LIMITED
#N/A,UPRERAPRJ3901,JAYPEE INFRATECH LIMITED,Residential,"JAYPEE GREENS KLASSIC - A (PHASE II), NOIDA",Uttar Pradesh,Gautam Buddha Nagar,28-07-2017,31-03-2019,Gautam Buddha Nagar,40128,28^ 30' 42'',77^ 23' 02'',M/s GIAN P MATHUR
R743,UPRERAPRJ4466,LOGIX INFRASTRUCTURE PVT.LTD.,Residential,"BLOSSOM COUNTY ( PHASE-4 TOWER -L,M,A & C)",Uttar Pradesh,Gautam Buddha Nagar,31-07-2017,31-08-2019,Gautam Buddha Nagar,22135,774135 E,28.5092 N,
R797,UPRERAPRJ8334,SUPERTECH LIMITED,Residential,SUPERTECH ECO VILLAGE-I PHASE I-C,Uttar Pradesh,Gautam Buddha Nagar,9/8/2017,30-12-2017,Gautam Buddha Nagar,35786,28.579507,77.439861,Space Designer International
R312785,UPRERAPRJ919772,OMEGA DEVELOPER AND BUILDERS,Residential,WINDSOR GREENS PHASE-2,Uttar Pradesh,Lucknow,31-08-2019,30-06-2024,Lucknow,7464,26.896708,81.072256,Ar. Vishal Mittal
R1084,UPRERAPRJ8592,PANCHSHEEL BUILDTECH PVT. LTD.,Residential,"PANCHSHEEL GREENS - II (TOWER - D1,D2& E5)",Uttar Pradesh,Gautam Buddha Nagar,12/8/2017,31-08-2021,Select,8922,"28,36,22","77,27,33",Oasis Designs incorporated
#N/A,UPRERAPRJ621633,"RISE PROJECTS PVT LTD
EUPHORIA SPORTS CITY PRIVATE LIMITED",Residential,"RISE SPORTS VILLAS , SUPER 30 VILLAS",Uttar Pradesh,Gautam Buddha Nagar,20-01-2020,30-06-2023,Gautam Buddha Nagar,20000,28.58092659,77.4315457,Rachit Sharma
R329835,UPRERAPRJ171530,SCC BUILDERS PVT. LTD.,Commercial,"SCC BLOSSOM (PMAY) COMMERCIAL BLOCK, NURSING HOME AND NURSERY SCHOOL",Uttar Pradesh,Ghaziabad,23-04-2019,31-08-2022,Ghaziabad,2872,28.705489,77.436161,ANUJ AGARWAL ARCHITECTS
#N/A,UPRERAPRJ619189/07/2024,MAHARAJA BUILDTECH,Residential,MAHARAJA MADHUVAN,Uttar Pradesh,Mathura,10/7/2024,31-03-2029,Mathura,23292,27.478209,77.63089,SHASHANK GARG
#N/A,UPRERAPRJ454215,SAVIOUR BUILDERS PRIVATE LIMITED,Commercial,LORD KRISHNA MART,Uttar Pradesh,Gautam Buddha Nagar,9/10/2019,31-12-2022,Gautam Buddha Nagar,5000,28.30217345,77.55982683,KAILASH AGGARWAL-A PLUS DESIGN ASSOCIATES
#N/A,UPRERAPRJ8249,SUPERTECH LIMITED,Residential,SUPERTECH UPCOUNTRY GH-01 PHASE-02,Uttar Pradesh,Gautam Buddha Nagar,9/8/2017,30-06-2019,Gautam Buddha Nagar,33859,28.369268,77.550723,Space Designers International
R2738,UPRERAPRJ3772,UPPAL CHADHA HI-TECH DEVELOPERS PVT. LTD.,Residential,UCHDPL-SECTOR-2-PRIME FLOORS,Uttar Pradesh,Ghaziabad,28-07-2017,31-05-2019,Ghaziabad,11552,28.66855,77.48724,Niraj Kumar Nanda
R28288,UPRERAPRJ368818,OMAXE LIMITED,Residential,"GH-4 (RESIDENCY-II) PHASE-3, OMAXE INTEGRATED TOWNSHIP",Uttar Pradesh,Lucknow,1/1/2019,31-10-2023,Sarojini Nagar,2908,26.811927,80.994314,Mr. Kamal Kishore
#N/A,UPRERAPRJ9261,SANCHAR ARCADE SAHKARI AWAS SAMITI LTD,Residential,SANCHAR ARCADE SAHKARI AWAS SAMITI LTD,Uttar Pradesh,Ghaziabad,11/8/2017,31-07-2018,Ghaziabad,10034,77.26.42.9E,28.43.24.7N,Anuj Agrawal Architects Private Ltd.
R293555,UPRERAPRJ5429,OMAXE GARV BUILTECH PRIVATE LIMITED (FOMERLY GARV BUILDTECH PRIVATE LIMITED),Residential,OMAXE METRO CITY (HITECH TOWNSHIP) P6,Uttar Pradesh,Lucknow,13-08-2017,31-12-2024,Lucknow,71062,26.718148,80.939392,PRAKASH KUMAR 
R410631,UPRERAPRJ442214,LAVISH BUILDMART PVT. LTD.,Mixed,M3M THE CULLINAN,Uttar Pradesh,Gautam Buddha Nagar,2/6/2023,10/4/2028,Gautam Buddha Nagar,46205,28.55313333,77.32735833,Vishal Sharma
R397089,UPRERAPRJ422981,UPPAL CHADHA HI-TECH DEVELOPERS PVT. LTD.,Residential,UCHDPL-ELIGO,Uttar Pradesh,Ghaziabad,9/8/2022,22-03-2027,Ghaziabad,17089,28.641687,77.506894,Niraj Kumar Nanda 
#N/A,UPRERAPRJ11484,NARAYANHARI SHELTER PRIVATE LIMITED,Residential,GURU KRIPA TOWN,Uttar Pradesh,Agra,15-08-2017,5/4/2020,Agra,3766, 27' 6'26.74'N, 78' 1'35.43'E,B S SIKARWAR 
R28288,UPRERAPRJ1682,OMAXE LIMITED,Residential,"GH-4 (RESIDENCY-II) PHASE-1,OMAXE INTEGRATED TOWNS",Uttar Pradesh,Lucknow,27-07-2017,31-12-2021,Lucknow,48592,26.810761,80.995723,PRAKASH KUMAR
R329835,UPRERAPRJ260266/09/2024,SCC BUILDERS PVT. LTD.,Residential,SCC BLOSSOM BLOCK A AND B,Uttar Pradesh,Ghaziabad,14-09-2024,20-03-2029,Ghaziabad,4703,28.705489,77.436161,ANUJ AGARWAL ARCHITECTS
#N/A,UPRERAPRJ4890,PANCH TATVA PROMOTERS PRIVATE LIMITED,Residential,GALAXY VEGA - TOWER F&G AND CSC GREEN ARCADE,Uttar Pradesh,Gautam Buddha Nagar,31-07-2017,2/10/2018,Gautam Buddha Nagar,5385,28.59256915,77.45631044,Space Design International
R1084,UPRERAPRJ8547,PANCHSHEEL BUILDTECH PVT. LTD.,Residential,"PANCHSHEEL GREENS -II (TOWER - A1 TO A6,B1 TO B7)",Uttar Pradesh,Gautam Buddha Nagar,12/8/2017,6/6/2018,Gautam Buddha Nagar,41478,"28,36,22","77,27,33",Oasis Designs incorporated
R1084,UPRERAPRJ8584,PANCHSHEEL BUILDTECH PVT. LTD.,Residential,"PANCHSHEEL GREENS-II(TOWER - E1 TO E4,COMMERCIAL,N",Uttar Pradesh,Gautam Buddha Nagar,12/8/2017,31-08-2020,Gautam Buddha Nagar,19631,"28,36,22","77,27,33",Oasis Designs incorporated
#N/A,UPRERAPRJ526534,SUPERTECH REALTORS PRIVATE LIMITED,Commercial,SUPERNOVA PHASE-IV (RETAIL/COMMERCIAL),Uttar Pradesh,Gautam Buddha Nagar,29-05-2019,28-04-2023,Gautam Buddha Nagar,15878,29.1417703,77.336962,Modarch India
#N/A,UPRERAPRJ7429,R. R. DWELLINGS PVT LTD,Residential,CELEBRITY GARDENS BLOCK Q,Uttar Pradesh,Lucknow,31-07-2017,30-09-2018,Lucknow,3422,26.769006 N,26.770065 N,Viresh Kumar
R417345,UPRERAPRJ160941,SUPREME REALESTATE DEVELOPERS PRIVATE LIMITED,Commercial,SHALIMAR SKY GARDEN,Uttar Pradesh,Lucknow,23-09-2023,25-10-2028,Lucknow,13058,26.872849,80.999595,Mr. Rudraksha Charan (42MM Architecture)
R400436,UPRERAPRJ115902,"THEMECOUNTY PRIVATE LIMITED
AMBIENCE PRIVATE LIMITED",Residential,IVORY COUNTY PHASE-2,Uttar Pradesh,Gautam Buddha Nagar,26-07-2023,31-12-2028,Gautam Buddha Nagar,21311,28.335717,77.240579,Vishal Sharma
#N/A,UPRERAPRJ364061,RGB INFRA LLP,Commercial,SAYA PIAZZA,Uttar Pradesh,Gautam Buddha Nagar,26-11-2021,20-10-2026,Gautam Buddha Nagar,6972,28.51473,77.36443,Ateesh Agarwal - Brij India Architects
R4564,UPRERAPRJ6492,TRIDENT INFRA HOMES PVT. LTD.,Residential,"TRIDENT EMBASSY PHASE-3 (TOWERS J,K,L & COMM)",Uttar Pradesh,Gautam Buddha Nagar,31-07-2017,31-12-2021,Gautam Buddha Nagar,7498,28.57106452,77.44639679,ANDLEYS ASSOCIATES PVT LTD
#N/A,UPRERAPRJ8072,PAARTH INFRABUILD PRIVATE LIMITED,Residential,GOLDFINCH PHASE-2,Uttar Pradesh,Lucknow,3/8/2017,31-12-2022,Lucknow,2475,80 50 34,26 42 56,Rudrabhishek Enterprises Pvt. Ltd.
#N/A,UPRERAPRJ962033,"HIGHNESS CONSTRUCTION
ASHRAY VENTURES PRIVATE LIMITED",Commercial,SUMMIT TWIN TOWER,Uttar Pradesh,Lucknow,19-09-2022,7/9/2028,Lucknow,6758,26.7881,81.0051,ALPANA BHARGAVA - JSR ARCHITECTURE AND INTERIORS 
R69286,UPRERAPRJ5602,KG CONSTRUCTIONS,Residential,CELEBRITY MEADOWS TOWER N,Uttar Pradesh,Lucknow,10/8/2017,5/12/2019,Lucknow,2508,264612.92,805950.15,REPL
R270000,UPRERAPRJ5448,LAND KART BUILDERS PRIVATE LIMITED,Residential,EUREKA PARK-PHASE 1,Uttar Pradesh,Gautam Buddha Nagar,11/8/2017,31-03-2023,Gautam Buddha Nagar,48422,28'25'8.55'N,77'29'14.42'E,Kulmeet Shangari
R376075,UPRERAPRJ865343,UPPAL CHADHA HI-TECH DEVELOPERS PVT. LTD.,Residential,UCHDPL-VERIDIA-4-OAKWOOD ENCLAVE,Uttar Pradesh,Ghaziabad,1/10/2022,28-12-2025,Ghaziabad,15768,28.6603,77.4962,Niraj Kumar Nanda 
#N/A,UPRERAPRJ16313,SKYNET INFRAVENTURES PVT. LTD.,Residential,GALAXY SHANTI NIKETAN,Uttar Pradesh,Prayagraj,5/6/2018,28-05-2021,Allahabad **,2842,25.448447,81.838029,MR. S.G.PAUL
#N/A,UPRERAPRJ10669,ROSSARI CONSTRUCTIONS PVT LTD,Residential,GOLDEN AVENUE,Uttar Pradesh,Meerut,14-08-2017,30-04-2022,Mawana,4561,29.09227849,77.87503068,SANDEEP TANDON
#N/A,UPRERAPRJ140979,"THE INNOVATORS DIGITAL ADS PVT. LTD
THE INNOVATORS DIGITAL ADS PVT. LTD.",Residential,SOLITAIRE GRANDE,Uttar Pradesh,Prayagraj,8/1/2020,26-11-2024,Allahabad **,6150,25.40380127,81.75042034, DEEPAK MEHTA
R5968,UPRERAPRJ6255,RG RESIDENCY PVT. LTD,Residential,RG RESIDENCY TOWER - P (RG SQUARE ),Uttar Pradesh,Gautam Buddha Nagar,1/8/2017,31-03-2019,Gautam Buddha Nagar,976,28*35'19N,77*23'53E,
#N/A,UPRERAPRJ212643,SANFRAN DEVELOPER PRIVATE LIMITED,Residential,SANFRAN ASHOK CITY EXTENSION,Uttar Pradesh,Jhansi,10/8/2020,3/1/2025,Jhansi,12110,25.2917,78.3428,JAYESH SAGAR
#N/A,UPRERAPRJ780870/08/2024,OMAXE GARV BUILTECH PRIVATE LIMITED (FOMERLY GARV BUILDTECH PRIVATE LIMITED),Commercial,"COMMERCIAL-3, BLOCK-1 AND BLOCK 2",Uttar Pradesh,Lucknow,26-08-2024,14-04-2029,Sarojini Nagar,2642,26.4318,26.4322,Apurbha Borah
R49332,UPRERAPRJ7457,HIGH END INFRATECH PRIVATE LIMITED,Residential,WINDSOR PARADISE-II (BLOCK-G),Uttar Pradesh,Ghaziabad,31-07-2017,30-09-2021,Ghaziabad,1306,28 42' 27.79' N,77 25' 25.82' E,ANUJ AGARWAL
#N/A,UPRERAPRJ5655,AJNARA INDIA LIMITED,Residential,HERITAGE TOWER K (CLOCK TOWER & CENTRAL PLAZZA),Uttar Pradesh,Gautam Buddha Nagar,31-07-2017,31-12-2020,Gautam Buddha Nagar,5155,28.572431,77.391345,AR. VISHAL MITTAL
R2274,UPRERAPRJ5931,IV COUNTY PVT LTD,Residential,"CLEO COUNTY, PH 1 ( COMPRISING OF TOWER D1 D2 C1 C",Uttar Pradesh,Gautam Buddha Nagar,31-07-2017,31-08-2018,Gautam Buddha Nagar,27502,28.598451,77.391327,"MR VISHAL SHARMA	"
#N/A,UPRERAPRJ7603,SJP RESIDENCY CONSORTIUM LIMITED,Residential,SHRI RADHA VINTAGE (PHASE-1),Uttar Pradesh,Mathura,13-08-2017,31-03-2019,Mathura,18463,27 29 57 01 N,77 37 2 84 E,VIRENDER ASSOCIATES
R14046,UPRERAPRJ936659,E HOMES INFRASTRUCTURE PVT LTD,Commercial,THE JEWEL OF NOIDA (PHASE IV) - AVENUES AT BURJ NOIDA,Uttar Pradesh,Gautam Buddha Nagar,2/2/2019,4/11/2028,Gautam Buddha Nagar,698,28.575438,77.381541,DESIGNARCH CONSULTANTS PVT. LTD.
#N/A,UPRERAPRJ6085,MR PROVIEW REALTECH PRIVATE LIMITED,Residential,OFFICER CITY-2 (PHASE-1),Uttar Pradesh,Ghaziabad,31-07-2017,28-03-2019,Modinagar,9282,28 42' 11.00' N,77 25' 25.40' E,ANUJ AGARWAL 
#N/A,UPRERAPRJ380846,OMAXE PANCHAM REALCON PVT. LTD. (FOMERLY PANCHAM REALCON PVT. LTD.),Commercial,OMAXE CITY SANGAM PLAZA,Uttar Pradesh,Prayagraj,9/10/2023,30-05-2028,Allahabad **,1981,25.39000546,81.89032475,Apurba Bohra 
R4006,UPRERAPRJ513636,RAJESH PROJECTS (INDIA) PVT. LTD,Residential,TOWERS I AND J (R G LUXURY HOMES),Uttar Pradesh,Gautam Buddha Nagar,27-02-2019,31-03-2026,Dadri,9168,28'36'17' N,77'26'59' E,Bafna Associates
#N/A,UPRERAPRJ5968,THREE C GREEN DEVELOPERS PRIVATE LIMITED,Residential,LOTUS YARDSCAPE PHASE I,Uttar Pradesh,Gautam Buddha Nagar,14-08-2017,31-12-2020,Gautam Buddha Nagar,142310,28'33'43.43'N,77'23'52.68'E,Kulmeet Shangari
#N/A,UPRERAPRJ165336,"VANSHIKA VEDANT DEVELOPERS LLP
BALA DEVI",Commercial,VVD-BLOOM,Uttar Pradesh,Ghaziabad,10/6/2023,26-12-2027,Ghaziabad,1221,28.70388889,77.41138889,Anuj Agarwal
#N/A,UPRERAPRJ877,SG ESTATES PRIVATE LIMITED,Residential,SG OASIS,Uttar Pradesh,Ghaziabad,27-07-2017,31-12-2018,Ghaziabad,4443,284012N,772244E,Space Designers International Architects Pvt Ltd.
R325311,UPRERAPRJ323529,RISHITA DEVELOPERS PRIVATE LIMITED,Residential,RISHITA MULBERRY HEIGHTS PHASE 2,Uttar Pradesh,Lucknow,17-10-2019,31-03-2023,Sarojini Nagar,3890,26.780753,81.008875,Design Forum International
#N/A,UPRERAPRJ12692,SVS DEVELOPERS,Residential,APPLE RESIDENCY,Uttar Pradesh,Kanpur Nagar,29-09-2017,24-12-2020,Kanpur,4896,26 31'21.23' N,80 15'31.10' E,Uma Shanker
R8874,UPRERAPRJ5863,SUPERTECH TOWNSHIP PROJECT LIMITED,Residential,SUPERTECH GOLF COUNTRY (PHASE-III),Uttar Pradesh,Gautam Buddha Nagar,14-08-2017,31-12-2019,Gautam Buddha Nagar,36456,28.300814,77.543903,SPACE DESIGNERS INTERNATIONAL 
R343931,UPRERAPRJ109037,THE INNOVATORS DIGITAL ADS PVT. LTD,Residential,YAMUNA ENCLAVE (PMAY IN SOLITAIRE VALLEY LAYOUT),Uttar Pradesh,Prayagraj,12/10/2019,3/7/2021,Allahabad **,7040,25.40221203,81.75362055,Deepak Mehta and Associates
R346761,UPRERAPRJ371638,PARDOS LUCKNOW DEVELOPERS PRIVATE LIMITED,Residential,OKAS RESIDENCY,Uttar Pradesh,Lucknow,10/12/2019,31-12-2023,Sarojini Nagar,14199,26.77852931,81.01943815,SWAPNA NATH
#N/A,UPRERAPRJ3841,PIONEER ESERVE PRIVATE LIMITED,Commercial,NOIDA ONE --TOWER A (PHASE II),Uttar Pradesh,Gautam Buddha Nagar,28-07-2017,30-06-2019,Gautam Buddha Nagar,5283,28 degree 36'  15' N,77 degree 21.8' 28 ' E,
#N/A,UPRERAPRJ5942,LANDCRAFT DEVELOPERS PRIVATE LIMITED,Residential,GOLF LINKS TOWER 1A HIGH END APARTMENTS,Uttar Pradesh,Ghaziabad,30-07-2017,31-03-2020,Ghaziabad,2299,28.6585,77.473778,Vishal Mittal
R1361,UPRERAPRJ6444,SUNWORLD RESIDENCY PRIVATE LIMITED,Residential,SUNWORLD ARISTA,Uttar Pradesh,Gautam Buddha Nagar,8/8/2017,31-12-2021,Gautam Buddha Nagar,40221,282936.63,772422.34,R.N. Gupta & Associates
R58586,UPRERAPRJ1263,OMAXE LIMITED,Residential,"GH-3 (WATERSCAPE), PHASE - 2, AT OMAXE INTEGRATED",Uttar Pradesh,Lucknow,27-07-2017,31-12-2022,Lucknow,8663,26.815149,80.993639,PRAKASH KUMAR 
R27756,UPRERAPRJ5724,SMV AGENCIES PVT LTD,Residential,JAIPURIA SUNRISE GREEN NH-24 BLOCK D,Uttar Pradesh,Ghaziabad,10/8/2017,30-12-2018,Ghaziabad,31849,28 39 17.65 N,77 28 26.82 E,GIAN P MATHUR
R285221,UPRERAPRJ17338,M/S SHALIMAR LAKECITY PRIVATE LIMITED (FORMERLY M/S ANS DEVELOPERS PRIVATE LIMITED),Residential,BELVEDERE COURT PHASE-2 (GH-6) INTEGRATED TOWNSHIP BAGHAMAU,Uttar Pradesh,Lucknow,13-08-2018,5/2/2022,Lucknow,9318,26.822248,81.021389,Sikka Associates
#N/A,UPRERAPRJ4253,SCC BUILDERS PVT. LTD.,Residential,"SCC SAPPHIRE PHASE-I BLOCK B,C,D & E",Uttar Pradesh,Ghaziabad,31-07-2017,31-12-2018,Ghaziabad,11348,28.709326,77.423765,ANUJ AGARWAL
#N/A,UPRERAPRJ5727,VIRAJ CONSTRUCTIONS PVT. LTD.,Residential,"BASERA (EWS)- PHASE 1, BBD GREEN CITY",Uttar Pradesh,Lucknow,8/8/2017,16-08-2020,Lucknow,3091,26.87193114,81.05814183,SINGH ASSOCIATES
R373245,UPRERAPRJ229234,EXPRESS PROJECTS PVT. LTD.,Residential,EXPRESS ASTRA (PHASE-II),Uttar Pradesh,Gautam Buddha Nagar,6/7/2022,12/3/2026,Gautam Buddha Nagar,12012,28.5741,77.4453,SHASHANK SHARMA -FOURTH DIMENSION
R374312,UPRERAPRJ145318,ROSEBERRY ESTATE LLP,Mixed,GODREJ WOODS PHASE II,Uttar Pradesh,Gautam Buddha Nagar,20-05-2021,28-01-2027,Gautam Buddha Nagar,20602,71.210076,28.332727,Ar. Abhishek Verma
R312785,UPRERAPRJ848407,OMEGA DEVELOPER AND BUILDERS,Residential,WINDSOR GREENS PHASE -3,Uttar Pradesh,Lucknow,15-10-2020,31-12-2024,Lucknow,4302,26.89622,81.073498,Ar. Vishal Mittal
#N/A,UPRERAPRJ229635,UPPAL CHADHA HI-TECH DEVELOPERS PVT. LTD.,Residential,UCHDPL-SECTOR-1-OAK WOOD ENCLAVE- PLOTS,Uttar Pradesh,Ghaziabad,24-08-2020,30-06-2021,Ghaziabad,99041,28.6608,77.4954,Niraj Kumar Nanda
R376075,UPRERAPRJ243850,UPPAL CHADHA HI-TECH DEVELOPERS PVT. LTD.,Residential,UCHDPL-VERIDIA-3-OAKWOOD ENCLAVE,Uttar Pradesh,Ghaziabad,15-05-2022,14-10-2025,Ghaziabad,11749,28.6603,77.4962,Niraj Kumar Nanda 
#N/A,UPRERAPRJ396368,"PCS ICE PLANT PRIVATE LIMITED
KIPL CONSTRUCTIONS PRIVATE LIMITED",Residential,GLOBAL CITY,Uttar Pradesh,Budaun,21-09-2023,8/6/2026,Budaun,35962,28.079635,79.166763,PAWAN BHATT
#N/A,UPRERAPRJ6108,MR PROVIEW REALTECH PRIVATE LIMITED,Commercial,GNB PHASE-1 (THE GREAT NORTHERN BAZAAR),Uttar Pradesh,Ghaziabad,31-07-2017,31-12-2018,Modinagar,11418,28 42'  15.81' N,77 24' 57.60'E,ANUJ AGARWAL 
#N/A,UPRERAPRJ5801,KG CONSTRUCTIONS,Residential,GOLF VISTA TOWER A2 & A3,Uttar Pradesh,Lucknow,14-08-2017,5/12/2021,Lucknow,6442,264612.87,810051.75,REPL
R268613,UPRERAPRJ2110,MAHAGUN (INDIA) PVT. LTD.,Residential,MAHAGUN MONTAGE,Uttar Pradesh,Ghaziabad,27-07-2017,31-03-2022,Ghaziabad,19065,28 37 55.00N,77 26 10.89E,Peeyush Chaudhry
R147935,UPRERAPRJ4175,RISE PROJECTS PVT LTD,Residential,RISE ORGANIC HOMES PHASE 2,Uttar Pradesh,Ghaziabad,1/8/2017,30-09-2022,Ghaziabad,3284,28.65339531,77.47395327,RACHIT SHARMA
R10130,UPRERAPRJ2875,ATS HOUSING PRIVATE LIMITED,Residential,ATS PRISTINE-PHASE-II,Uttar Pradesh,Gautam Buddha Nagar,1/8/2017,31-12-2021,Gautam Buddha Nagar,17967,28.438778,77.483737,VARUN JUNEJA
#N/A,UPRERAPRJ7732,RISHI COLONISERS PRIVATE LIMITED,Residential,RISHI GREENS,Uttar Pradesh,Barabanki,1/8/2017,17-07-2019,Nawabganj,15153,20,20' 26' 0' N,Ajit singh
#N/A,UPRERAPRJ2218,OMAXE LIMITED,Residential,GROUP HOUSING-1(FULL MOON) IN OMAXE ETERNITY VIRNDAVAN,Uttar Pradesh,Mathura,27-07-2017,31-05-2020,Mathura,4895,27.5736861,77.6556228,PRAKASH KUMAR
#N/A,UPRERAPRJ4975,NIRALA PROJECTS PRIVATE LIMITED,Residential,"NIRALA GREENSHIRE PH-1 (G6-G12,G14)",Uttar Pradesh,Gautam Buddha Nagar,31-07-2017,30-09-2020,Gautam Buddha Nagar,25740,28.5798582,77.4456578,Reinfo-tech Consultants
#N/A,UPRERAPRJ7192,R. R. DWELLINGS PVT LTD,Residential,CELEBRITY GARDENS BLOCK C,Uttar Pradesh,Lucknow,31-07-2017,20-07-2015,Lucknow,2976,26.783349 N,26.782510 N,Viresh Kumar
#N/A,UPRERAPRJ15423,RISE INFRADEVELOPERS PVT LTD,Commercial,RISE SHOPLEX,Uttar Pradesh,Gautam Buddha Nagar,15-03-2018,31-07-2022,Gautam Buddha Nagar,2290,28.58181071,77.43464435,Rachit Sharma
#N/A,UPRERAPRJ339261,"VASUDEV ELEMENTS
VIJAY ASSOCIATES WADHWA",Residential,VASUDEV ELEMENTS (PHASE-1),Uttar Pradesh,Mathura,28-09-2021,15-07-2026,Mathura,62004,27.579073,77.648813,Amit Agarwal
#N/A,UPRERAPRJ481620,MAHAGUN (INDIA) PVT. LTD.,Residential,MAHAGUN MYRAA GREENS,Uttar Pradesh,Jhansi,21-03-2023,31-12-2026,Jhansi,62739,25.498,78.5701,Jyoti Singhal
R7884,UPRERAPRJ3950,PARAMOUNT PROPBUILD PVT. LTD.,Residential,PARAMOUNT EMOTIONS,Uttar Pradesh,Gautam Buddha Nagar,29-07-2017,31-12-2017,Gautam Buddha Nagar,45641,28.570461,77.446476,Mr. Vaibhav Jain
#N/A,UPRERAPRJ225655,NEWCON BUILDWELL PRIVATE LIMITED,Commercial,BCC CINE GRAND,Uttar Pradesh,Lucknow,24-03-2023,10/12/2024,Lucknow,1746,26.850921,80.937237,Santosh Tripathi
R1160,UPRERAPRJ4939,SUPERTECH LIMITED,Residential,SUPERTECH ECO VILLAGE-II (PHASE-III),Uttar Pradesh,Gautam Buddha Nagar,10/8/2017,28-02-2021,Gautam Buddha Nagar,14965,28.610574,77.442808,
#N/A,UPRERAPRJ9317,U.P. AWAS EVAM VIKAS PARISHAD,Residential,CONSTRUCTION OF 36 NOS 57/128 TYPE SEMIFINISHED HO,Uttar Pradesh,Moradabad,11/8/2017,30-11-2018,Moradabad,4590,28.83611,78.72138,Gopal Garg
R300125,UPRERAPRJ121123,WONDROUS BUILDMART PRIVATE LIMITED,Residential,ELDECO LIVE BY THE GREENS PHASE-II,Uttar Pradesh,Gautam Buddha Nagar,30-06-2021,31-12-2026,Gautam Buddha Nagar,15572,28.41828002,77.48763798,Mr. Kulmeet Shangari
R27756,UPRERAPRJ5652,SMV AGENCIES PVT LTD,Residential,JAIPURIA SUNRISE GREEN NH-24 BLOCK E,Uttar Pradesh,Ghaziabad,10/8/2017,30-12-2018,Ghaziabad,32902,28 39 17.65 N,78 28 26.82 ,GIAN P MATHUR 
#N/A,UPRERAPRJ7224,SURYA INFRABUILD (INDIA) PRIVATE LIMITED,Residential,SURYA GOLD APARTMENT,Uttar Pradesh,Agra,31-07-2017,31-03-2019,Agra,4310,27.1795368,78.021108,SIDDHARTH SHARMA
#N/A,UPRERAPRJ351670/07/2024,SHAGUN MART LLP,Commercial,SHAGUN CITY CENTER,Uttar Pradesh,Gautam Buddha Nagar,10/7/2024,11/4/2029,Dadri,4374,28.46192,77.537,Mr.  SHIV KUMAR
R376075,UPRERAPRJ250078,UPPAL CHADHA HI-TECH DEVELOPERS PVT. LTD.,Residential,UCHDPL-VERIDIA-5-OAKWOOD ENCLAVE,Uttar Pradesh,Ghaziabad,1/10/2022,28-12-2025,Ghaziabad,9472,28.6603,77.4962,Niraj Kumar Nanda 
#N/A,UPRERAPRJ3737,RISHITA DEVELOPERS PRIVATE LIMITED,Residential,RISHITA MULBERRY,Uttar Pradesh,Lucknow,28-07-2017,31-12-2019,Lucknow,17924,26.781317,81.009639,Design Forum International
#N/A,UPRERAPRJ738600,"OMAXE LIMITED
OMAXE LIMITED",Residential,"KRISHNA CASTLE- GH 02, PLOTTING",Uttar Pradesh,Mathura,26-03-2019,31-12-2019,Mathura,8543,27.3437,77.391,Prakash Kumar
#N/A,UPRERAPRJ6496,VIRAJ CONSTRUCTIONS PVT. LTD.,Commercial,BBD TIMES SQUARE-STUDIO APARTMENT & COMMERCIAL SPA,Uttar Pradesh,Lucknow,8/8/2017,31-03-2020,Lucknow,11250,26.87255887,81.01375987,CIVIL CONSULTANTS
R410309,UPRERAPRJ944626/09/2024,M/S SHALIMAR LAKECITY PRIVATE LIMITED (FORMERLY M/S ANS DEVELOPERS PRIVATE LIMITED),Residential,VALENCIA TOWERS- PHASE 2,Uttar Pradesh,Lucknow,28-09-2024,20-07-2029,Lucknow,19793,26.826907,81.022261,Shivam Srivastava
#N/A,UPRERAPRJ166763/08/2024,OMAXE GARV BUILTECH PRIVATE LIMITED (FOMERLY GARV BUILDTECH PRIVATE LIMITED),Residential,"OMAXE CASSIA GH II, PHASE II",Uttar Pradesh,Lucknow,5/8/2024,8/4/2029,Sarojini Nagar,9480,26.725985,80.943851,Apurba Borah
R4564,UPRERAPRJ6457,TRIDENT INFRA HOMES PVT. LTD.,Residential,"TRIDENT EMBASSY PHASE-1 (TOWERS A,B,C,D,E,F)",Uttar Pradesh,Gautam Buddha Nagar,31-07-2017,31-03-2018,Gautam Buddha Nagar,15134,28.5711399,77.44566186,Andleys Associates Pvt.Ltd.
R300125,UPRERAPRJ575706,WONDROUS BUILDMART PRIVATE LIMITED,Residential,ELDECO LIVE BY THE GREENS PHASE -III,Uttar Pradesh,Gautam Buddha Nagar,6/12/2021,28-02-2027,Gautam Buddha Nagar,9871,28.41828002,77.48763798,Mr. Kulmeet Shangari
#N/A,UPRERAPRJ538912/07/2024,NARENDER SINGH CHADHA,Commercial,AKASH SHOPPING COMPLEX,Uttar Pradesh,Moradabad,12/7/2024,8/5/2027,Moradabad,3026,28.823347,78.681561,RAJAT ANAND
#N/A,UPRERAPRJ3055,PARK TOWN COMPLEX PRIVATE LIMITED,Commercial,PARK TOWN COMMERCIAL COMPLEX PHASE 1(BLOCK B),Uttar Pradesh,Ghaziabad,28-07-2017,18-04-2022,Ghaziabad,2095,28.6568,77.481,N + U DESIGN STUDIO
#N/A,UPRERAPRJ208112/10/2024,"PRATEEK SINGH
GULAB SINGH BELA SINGH CHARITABLE TRUST",Residential,GSG PALM VILLA,Uttar Pradesh,Prayagraj,11/10/2024,22-10-2024,Phulpur,8224,25.25222,81.56062,AL-DESIGN
R4006,UPRERAPRJ4850,RAJESH PROJECTS (INDIA) PVT. LTD,Residential,RG LUXURY HOMES (TOWER G & H),Uttar Pradesh,Gautam Buddha Nagar,1/8/2017,30-09-2020,Gautam Buddha Nagar,13554,28*36’17N,77*26’59E,
R9248,UPRERAPRJ7354,MRJV CONSTRUCTION COMPANY,Residential,PALM RESORT,Uttar Pradesh,Ghaziabad,31-07-2017,31-12-2019,Ghaziabad,28567,28 42''15.38 N,77 25' ' 29.74E,Vishal Mittal
#N/A,UPRERAPRJ14046,NINE PLANET INFRASTRUCTURE PVT LTD,Residential,CROWN9 RESIDENCY,Uttar Pradesh,Bareilly,30-10-2017,9/11/2020,Bareilly,12321,28.4282,79.4684,SUMIT AGARWAL
R301705,UPRERAPRJ15457,PINTAIL INFRACON LLP,Residential,"PINTAIL PARK CITY (PH 1 PLOTS)
(Completed)",Uttar Pradesh,Lucknow,16-03-2018,25-09-2022,Mohanlalganj,160122.17,26.7864,81.03,Pankaj Sangwan
R921,UPRERAPRJ4186,LOGIX INFRATECH PRIVATE LIMITED,Residential,"BLOSSOM GREENS (PHASE-2 TOWER- H, I &J)",Uttar Pradesh,Gautam Buddha Nagar,3/8/2017,31-08-2021,Gautam Buddha Nagar,16471,77.3273 E,28.5874 N,
R265239,UPRERAPRJ8684,PANCHSHEEL BUILDTECH PVT. LTD.,Residential,PANCHSHEEL PRIME 390 PHASE - 3 (BLOCK - 6 TO 13),Uttar Pradesh,Ghaziabad,12/8/2017,31-08-2021,Ghaziabad,4946,"28,40,38","77,29,11",Gaurav Singla
#N/A,UPRERAPRJ13342,RAJIV RANJAN KUMAR SINGH,Residential,HARI ENCLAVE,Uttar Pradesh,Varanasi,11/10/2017,21-02-2021,Varanasi,5321,25.24888,82.978723,G.S. SHUKLA
R397089,UPRERAPRJ422981,UPPAL CHADHA HI-TECH DEVELOPERS PVT. LTD.,Residential,UCHDPL-ELIGO,Uttar Pradesh,Ghaziabad,9/8/2022,22-03-2027,Ghaziabad,17089,28.641687,77.506894,Niraj Kumar Nanda 
#N/A,UPRERAPRJ6473,HORIZON BUILDCON PRIVATE LIMITED,Residential,IRIDIA,Uttar Pradesh,Gautam Buddha Nagar,31-10-2017,31-12-2021,Gautam Buddha Nagar,63546,28 31 38 N,77 24 52 E,Genre of Design
#N/A,UPRERAPRJ7458,R. R. DWELLINGS PVT LTD,Residential,CELEBRITY GARDENS BLOCK R,Uttar Pradesh,Lucknow,31-07-2017,30-09-2018,Lucknow,3422,26.769006 N,26.770065 N,Viresh Kumar
#N/A,UPRERAPRJ692448,SIDDHARTHA DEVELOPERS,Residential,PASSION ROYAL COTTAGE,Uttar Pradesh,Kanpur Nagar,1/8/2022,24-03-2027,Kanpur,37738,26.546558,80.257677,RAJIV BAJPAI
#N/A,UPRERAPRJ839480/07/2024,GORAKHPUR DEVELOPMENT AUTHORITY,Residential,GREENWOOD RESIDENTIAL SCHEME,Uttar Pradesh,Gorakhpur,9/7/2024,19-02-2029,Gorakhpur,21057,26.735408,83.386296,BINDRESH KUMAR SAHANI
#N/A,UPRERAPRJ2853,RR BUILDERS,Residential,MIHIR HEIGHTS,Uttar Pradesh,Meerut,14-08-2017,31-10-2019,Meerut,2900,28.9702,77.64928,AMIT GUPTA
R255635,UPRERAPRJ4403,RISE PROJECTS PVT LTD,Residential,RISE ORGANIC GHAR PHASE 1,Uttar Pradesh,Ghaziabad,1/8/2017,30-06-2021,Ghaziabad,9025,28.63705572,77.47681855,
#N/A,UPRERAPRJ3410,PAARTH INFRABUILD PRIVATE LIMITED,Residential,AADYANT PHASE-3,Uttar Pradesh,Lucknow,10/8/2017,16-09-2018,Lucknow,830,26 48 25.5,81 00 39.48,M/s. Rudrabhishek Enterprises (P) Ltd.
R938,UPRERAPRJ8545,PANCHSHEEL BUILDTECH PVT. LTD.,Residential,PANCHSHEEL HYNISH PHASE -3 (TOWER - T12),Uttar Pradesh,Gautam Buddha Nagar,13-08-2017,2/7/2020,Gautam Buddha Nagar,3961,"28,34,25","77,26,35",Oasis Designs incorporated
#N/A,UPRERAPRJ5008,SKV INFOTECH PRIVATE LIMITED,Commercial,WINSTEN PARK PHASE-1,Uttar Pradesh,Gautam Buddha Nagar,2/8/2017,14-12-2020,Gautam Buddha Nagar,15000,28.553936,77.474234,Space Designers International Architects Pvt Ltd
#N/A,UPRERAPRJ10636,KINDLE DEVELOPERS PRIVATE LIMITED,Residential,LORDS,Uttar Pradesh,Gautam Buddha Nagar,15-08-2017,31-12-2020,N/A,90000,28.558347,77.394165,DEVELOPMENTS CONSULTANT
#N/A,UPRERAPRJ552003,YAMUNA EXPRESSWAY INDUSTRIAL DEVLOPMENT AUTHORITY,Residential,RPS-04/2021,Uttar Pradesh,Gautam Buddha Nagar,26-02-2021,31-05-2026,Gautam Buddha Nagar,46262,28.33166,77.578288,SHARDUL VIKRAM TIWARI
#N/A,UPRERAPRJ922836,KESHAV GREENS INDIA PRIVATE LIMITED,Mixed,KESHAV GREEN VALLEY,Uttar Pradesh,Sitapur,28-07-2021,11/1/2026,Sitapur,15044,26.80977,80.48759,Rohit Gupta
R58586,UPRERAPRJ1538,OMAXE LIMITED,Residential,"GH-3 (WATERSCAPE), PHASE - 1, AT OMAXE INTEGRATED",Uttar Pradesh,Lucknow,27-07-2017,25-09-2022,Lucknow,9627,26.81446,80.993231,PRAKASH KUMAR
R63173,UPRERAPRJ2634,SAMRIDHI REALTY HOMES PRIVATE LIMITED,Residential,"SAMRIDHI GRAND AVENUE
(Completed)",Uttar Pradesh,Gautam Buddha Nagar,28-07-2017,31-12-2019,Gautam Buddha Nagar,27989,283542.70N,772717.71E, Deepak Mehta & Associates 
R14592,UPRERAPRJ7003,PATEL ADVANCE JV,Residential,NEOTOWN PHASE-1,Uttar Pradesh,Gautam Buddha Nagar,31-07-2017,30-06-2019,Gautam Buddha Nagar,40279,28°35'19.23''N077°26'30.56''E ,28°35'20.66''N 077°26'35.04''E,GIAN P. MATHUR & ASSOCIATES PVT. LTD.
R63501,UPRERAPRJ6678,SAYA HOMES PVT LTD,Residential,SAYA GOLD AVENUE (PHASE 2),Uttar Pradesh,Ghaziabad,1/8/2017,31-12-2019,Ghaziabad,20036,77 22 00,28 38 07,Shivendra Nath
R4006,UPRERAPRJ4723,RAJESH PROJECTS (INDIA) PVT. LTD,Residential,"RG LUXURY HOMES - TOWER B, C, D & E",Uttar Pradesh,Gautam Buddha Nagar,1/8/2017,30-09-2020,Gautam Buddha Nagar,22830,28*36’17N,77*26’59E,
R329835,UPRERAPRJ245194,SCC BUILDERS PVT. LTD.,Residential,SCC BLOSSOM (PMAY) PH-2 BLOCK C AND BLOCK D,Uttar Pradesh,Ghaziabad,16-04-2019,30-06-2024,Ghaziabad,5703,28.705489,77.436161,ANUJ AGARWAL ARCHITECTS
#N/A,UPRERAPRJ4661,OMEGA DEVELOPER AND BUILDERS,Residential,OMEGA PRESIDENCY,Uttar Pradesh,Lucknow,29-07-2017,31-03-2019,Lucknow,2998,26.894825,81.071606,NAMIT AGARWAL
R403945,UPRERAPRJ503189/03/2024,IRISH BUILDCON PRIVATE LIMITED,Residential,IRISH PLATINUM,Uttar Pradesh,Gautam Buddha Nagar,2/3/2024,31-01-2029,Dadri,18819,28.572833,77.482602,Kailash Aggarwal
R1918,UPRERAPRJ6106,MR PROVIEW REALTECH PRIVATE LIMITED,Residential,SHALIMAR CITY PHASE-1,Uttar Pradesh,Ghaziabad,31-07-2017,9/9/2018,Modinagar,4239,28  43'  7.29' N,77  44'  57' 46' E,ANUJ AGARWAL 
R293555,UPRERAPRJ550435/05/2024,OMAXE GARV BUILTECH PRIVATE LIMITED (FOMERLY GARV BUILDTECH PRIVATE LIMITED),Residential,OMAXE METRO CITY P-1 B,Uttar Pradesh,Lucknow,27-05-2024,30-09-2027,Sarojini Nagar,30480,26.717013,80.928423,Apurbha Borah
R171457,UPRERAPRJ6209,STELLAR SPRING PROJECTS PRIVATE LIMITED,Residential,STELLAR ONE PHASE 1,Uttar Pradesh,Gautam Buddha Nagar,31-07-2017,31-03-2020,Dadri,21487,28'-34'-41.92',77'-26'-03.85',Dinesh Banyal
#N/A,UPRERAPRJ6462,R. R. CIVIL TECH PVT LTD,Residential,CELEBRITY MEADOWS BLOCK C,Uttar Pradesh,Lucknow,31-07-2017,31-03-2019,Lucknow,4410,26.769575 N,80.997835 E,Viresh Kumar
R8874,UPRERAPRJ5848,SUPERTECH TOWNSHIP PROJECT LIMITED,Residential,SUPERTECH GOLF COUNTRY (PHASE-I),Uttar Pradesh,Gautam Buddha Nagar,14-08-2017,30-06-2018,Gautam Buddha Nagar,33096,28.300814,77.543903,Space Designer International
#N/A,UPRERAPRJ12592,SUDHA LAND VENTURES & HOMES PRIVATE LIMITED,Residential,SUDHA VIHAR,Uttar Pradesh,Jhansi,31-08-2017,31-08-2018,Jhansi,56870,25'28'26.4'N,78'36'12.2'E,RUPESH SHRIVASTAVA
R64884,UPRERAPRJ279104,SKARDI REALTECH PVT LTD,Residential,SKARDI GREENS - PHASE-2,Uttar Pradesh,Ghaziabad,11/6/2019,31-03-2024,Ghaziabad,9598,2839'26.6',77° 28'21.5,KAILASH AGRAWAL
R262156,UPRERAPRJ5031,OMAXE PANCHAM REALCON PVT. LTD. (FOMERLY PANCHAM REALCON PVT. LTD.),Residential,OMAXE AANANDA (HITECH TOWNSHIP) TOWER - A,Uttar Pradesh,Prayagraj,11/8/2017,18-04-2023,Allahabad **,8856,25.389323,81.890904,PRAKASH KUMAR 
R368970,UPRERAPRJ494753,IRISH INFRASTRUCTURE PRIVATE LIMITED,Residential,IRISH PEARLS,Uttar Pradesh,Gautam Buddha Nagar,14-01-2020,3/10/2024,Gautam Buddha Nagar,10030,28'34'54.76'N,77'26'2.74'E,KAILASH CHANDER AGGARWAL
#N/A,UPRERAPRJ2662,RITA DIXIT,Commercial,JC WORLD HOSPITALITY PRIVATE LIMITED,Uttar Pradesh,Gautam Buddha Nagar,1/8/2017,31-12-2018,Gautam Buddha Nagar,8096,28.5161064,77.372979,MASS ARCHITECH
R407176,UPRERAPRJ899584,"TANDT INFRA BUILDERS PRIVATE LIMITED
KENDRIYA JAL AYOG SAHKARI AVAS SAMITI LIMITED",Residential,THE BLUE,Uttar Pradesh,Ghaziabad,2/9/2022,29-08-2027,Ghaziabad,6853,23.1446,77.40118,Dipanjan Mitra
#N/A,UPRERAPRJ12377,VIMLA DEVELOPERS,Residential,CHANDRA VIMLA VIHAR,Uttar Pradesh,Varanasi,30-08-2017,31-03-2018,Varanasi,3101,25.16'29.2'N,82.58'40'8'E,Mahendra Pratap Singh
#N/A,UPRERAPRJ4980,VIRAJ CONSTRUCTIONS PVT. LTD.,Residential,"LOTUS ENCLAVE-PHASE 1, BBD GREEN CITY",Uttar Pradesh,Lucknow,8/8/2017,31-12-2019,Lucknow,26600,26.88116352,81.05418368,DAZZLE DESIGN
R2274,UPRERAPRJ2437,IV COUNTY PVT LTD,Residential,"CLEO COUNTY ,PHASE -3,(COMPRISING TOWERS E1,E2,E3,",Uttar Pradesh,Gautam Buddha Nagar,27-07-2017,31-08-2022,Gautam Buddha Nagar,26396,28.598451,77.391327,MR VISHAL SHARMA
R293555,UPRERAPRJ5425,OMAXE GARV BUILTECH PRIVATE LIMITED (FOMERLY GARV BUILDTECH PRIVATE LIMITED),Residential,OMAXE METRO CITY (HITECH TOWNSHIP) P3,Uttar Pradesh,Lucknow,13-08-2017,31-12-2023,Lucknow,141404,26.71581,80.940036,PRAKASH KUMAR  
R2738,UPRERAPRJ3781,UPPAL CHADHA HI-TECH DEVELOPERS PVT. LTD.,Residential,UCHDPL-SECTOR-4-WAVE FLOORS,Uttar Pradesh,Ghaziabad,28-07-2017,31-12-2018,Ghaziabad,4560,28.6561,77.49628,Niraj Kumar Nanda
R83229,UPRERAPRJ5534,VIRAJ CONSTRUCTIONS PVT. LTD.,Residential,"SUN BREEZE II (PHASE-1), BBD GREEN CITY",Uttar Pradesh,Lucknow,8/8/2017,31-03-2020,Lucknow,24175,26.87954893,81.05540048,SIKKA ASSOCIATES ARCHITECT
#N/A,UPRERAPRJ13828,PRATEEK REALTORS INDIA PRIVATE LIMITED,Commercial,PRATEEK GRAND CITY WALK (CARNESIA),Uttar Pradesh,Ghaziabad,27-10-2017,31-12-2020,Ghaziabad,2627,28.648039,77.403241,DEEPAK MEHTA & ASSOCIATES AND DESIGN CONCEPT BY ARCHITECT HAFEEZ CONTRACTOR
#N/A,UPRERAPRJ900072,PROTOSTAR INFRAESTATES PVT LTD,Residential,CELESTIA,Uttar Pradesh,Lucknow,16-09-2019,31-07-2024,Lucknow,2077,26.835191,80.926748,Ar. Chitranshu Khare - Point Architects Pvt Ltd
R922,UPRERAPRJ5017,SUPERTECH LIMITED,Residential,SUPERTECH CAPETOWN (PHASE-I),Uttar Pradesh,Gautam Buddha Nagar,10/8/2017,30-12-2019,Gautam Buddha Nagar,10266,28.573404,77.387714,VISHAL MITTAL Space Designers International
#N/A,UPRERAPRJ969270,RISHITA DEVELOPERS PRIVATE LIMITED,Residential,RISHITA SERENITY PHASE I,Uttar Pradesh,Lucknow,19-09-2022,31-12-2025,Lucknow,10641,26.7809662,81.0063959,Anil Kumar C/o Design Forum International
#N/A,UPRERAPRJ868210,"RISHITA DEVELOPERS PRIVATE LIMITED
RISHITA BHAWAN NIRMAN PRIVATE LIMITED",Residential,RISHITA MANHATTAN (PHASE-III),Uttar Pradesh,Lucknow,2/9/2022,31-12-2025,Lucknow,3101,45.063,44.37636,Nagendra Tripathi
R4006,UPRERAPRJ4815,RAJESH PROJECTS (INDIA) PVT. LTD,Residential,"RG LUXURY HOMES - TOWER A, F & M",Uttar Pradesh,Gautam Buddha Nagar,1/8/2017,30-09-2020,Gautam Buddha Nagar,18016,28*36’17N,77*26’59E,
R15378,UPRERAPRJ6766,SOLITAIRE REALINFRA PRIVATE LIMITED,Residential,SOLITAIRIAN CITY - (SOLI-)PHASE-3,Uttar Pradesh,Gautam Buddha Nagar,31-07-2017,31-01-2024,Gautam Buddha Nagar,16352,28.358191,77.53099,vishal sharma
#N/A,UPRERAPRJ2514,VIBHOR VAIBHAV INFRAHOME PVT. LTD.,Residential,VVIP ASSET,Uttar Pradesh,Ghaziabad,31-07-2017,31-12-2018,Ghaziabad,21717,N 28' 42' 2.9094',N 28' 42.048489',Anuj Agarwal Architects Pvt. Ltd.
R24550,UPRERAPRJ8805,PANCHSHEEL BUILDTECH PVT. LTD.,Residential,PANCHSHEEL WELLINGTON (TOWER R7-R8),Uttar Pradesh,Ghaziabad,14-08-2017,31-08-2022,Ghaziabad,7648,"28,37,49","77,26,04",gaurav singla
#N/A,UPRERAPRJ12351,SNG DEVELOPERS LTD,Residential,ANANDLOK,Uttar Pradesh,Firozabad,30-10-2017,1/2/2018,Tundla **,8139,27 12,78 45,AKS Associates
#N/A,UPRERAPRJ236976,VIDHAN METRO,Residential,VIDHAN METRO PHASE-I,Uttar Pradesh,Varanasi,9/1/2021,30-03-2024,Varanasi,3636,25.3682,25.3677,AJAY SINGH
R403916,UPRERAPRJ569037,M/S SHALIMAR CORP LTD.,Residential,SHALIMAR GALLANT WEST,Uttar Pradesh,Lucknow,19-07-2022,20-10-2026,Lucknow,8162,26.884066,80.9555256,Mr. Nikhil Arora (M/s. Arcop Associates)
#N/A,UPRERAPRJ13032,SADHANA CITY HOMES PRIVATE LIMITED,Commercial,VIJAY ORC,Uttar Pradesh,Lucknow,23-09-2017,15-11-2020,Lucknow,1000,26.8514' N,81.0272' E,Repunjay Patel
R5832,UPRERAPRJ617209,NIRALA INFRATECH PRIVATE LIMITED,Residential,NIRALA ESTATE PHASE-IV,Uttar Pradesh,Gautam Buddha Nagar,1/4/2021,24-12-2026,Gautam Buddha Nagar,11240,28.5867185,77.44030083,Mr. Deepak Mehta
R262156,UPRERAPRJ5381,OMAXE PANCHAM REALCON PVT. LTD. (FOMERLY PANCHAM REALCON PVT. LTD.),Residential,OMAXE AANANDA (HITECH TOWNSHIP) TOWER - F,Uttar Pradesh,Prayagraj,29-07-2017,18-04-2023,Karchhana,7238,25.388968,81.890231,PRAKASH KUMAR
#N/A,UPRERAPRJ684151,"THE INNOVATORS DIGITAL ADS PVT. LTD
THE INNOVATORS DIGITAL ADS PVT. LTD.",Residential,SOLITAIRE ROYAL,Uttar Pradesh,Prayagraj,27-07-2022,29-07-2026,Allahabad,2250,25.40316296,81.75143227,Deepak Mehta 
R285221,UPRERAPRJ260653,M/S SHALIMAR LAKECITY PRIVATE LIMITED (FORMERLY M/S ANS DEVELOPERS PRIVATE LIMITED),Residential,BELVEDERE COURT - 3 (GH-10 & 11) INTEGRATED TOWNSHIP BAGHAMAU,Uttar Pradesh,Lucknow,28-04-2020,15-04-2025,Lucknow,25797,26.825984,81.023957,42 MM Architecture
#N/A,UPRERAPRJ516674,"AU REAL ESTATE SERVICES PRIVATE LIMITED
AGARWAL ASSOCIATES (PROMOTERS) LIMITED",Residential,"ARIHANT ENCLAVE
(Completed)",Uttar Pradesh,Ghaziabad,16-05-2023,22-03-2028,Ghaziabad,12175,28.6489012,77.4904864,ANUJ AGARWAL 
R414540,UPRERAPRJ308567,SAM INDIA ABHIMANYU HOUSING,Residential,PALM OLYMPIA PH 2,Uttar Pradesh,Gautam Buddha Nagar,22-07-2023,30-04-2028,Gautam Buddha Nagar,33050,28.3659,77.2511,Mr. Vishal Sharma
#N/A,UPRERAPRJ6392,CREST INFRACON PRIVATE LIMITED,Residential,GOLF RIDGE TOWER - BLOCK-A (TOWER- 1 & 2),Uttar Pradesh,Lucknow,31-07-2017,31-12-2021,Lucknow,8986,26.772056,81.015861,DESIGN FORUM INTERNATIONAL
#N/A,UPRERAPRJ625784,MAHALUXMI BUILDTECH LIMITED,Residential,MIGSUN ATHARVA (PMAY),Uttar Pradesh,Ghaziabad,24-10-2019,16-06-2024,Ghaziabad,9930,28'44'0.82'' N,77'26'43.58'' E,VISHAL MITTAL
#N/A,UPRERAPRJ1787,THAPAR BUILDERS PVT LTD,Residential,THE ARTHAH,Uttar Pradesh,Ghaziabad,2/8/2017,10/10/2018,Ghaziabad,4000,28º 38'32'N,77º 20'23'E,Morphogenesis
#N/A,UPRERAPRJ2227,OMAXE LIMITED,Commercial,"COMM. (KRISHNA CREST - 1), AT OMAXE ETERNITY, VRINDAVAN",Uttar Pradesh,Mathura,27-07-2017,31-05-2020,Mathura,3189,27.34'46.83'',77.39'18.19'',PRAKASH KUMAR 
#N/A,UPRERAPRJ990837/07/2024,"NIKHIL AGARWAL
TUSHAR AGRAWAL",Residential,A.V. GREEN,Uttar Pradesh,Moradabad,12/7/2024,31-03-2025,Moradabad,12577,28.894792,78.725159,Alina Asif
#N/A,UPRERAPRJ868210,"RISHITA DEVELOPERS PRIVATE LIMITED
RISHITA BHAWAN NIRMAN PRIVATE LIMITED",Residential,RISHITA MANHATTAN (PHASE-III),Uttar Pradesh,Lucknow,2/9/2022,31-12-2025,Lucknow,3101,45.063,44.37636,Nagendra Tripathi
R171063,UPRERAPRJ555231,"M/S SHALIMAR CORP LTD.
ENGILA SHERE
FARIAH SHERE
GAZELLE SHERE
IMPERIAL GREEN INFRATECH PRIVATE LIMITED
SANAM SHERE
SYED FARIDOON SHERE",Residential,SHERE`S SHALIMAR MANNAT EXTENSION-3,Uttar Pradesh,Barabanki,14-07-2022,19-10-2026,Nawabganj,11483,26.90273,81.102784,Ar. Alpana Bhargava - Ms JSR Designs Pvt. Ltd.
#N/A,UPRERAPRJ515798,"VCJ KUBER HIGHTS
ASHISH KUMAR MISHRA
MUKESH KUMAR MISHRA
SURESH KUMAR MISHRA
UMESH CHANDRA MISHRA",Residential,VCJ KUBER HEIGHTS,Uttar Pradesh,Jaunpur,10/1/2024,31-03-2026,Shahganj,2118,25.76273,82.70966, Ar. Krishan Kumar Srivastava
R402728,UPRERAPRJ274689,SUBLIME REALTECH PRIVATE LIMITED,Mixed,SPRING ELMAS,Uttar Pradesh,Gautam Buddha Nagar,17-12-2022,15-12-2029,Dadri,20000,28.561903,77.483416,VIPIN KUMAR
#N/A,UPRERAPRJ5546,VIRAJ CONSTRUCTIONS PVT. LTD.,Residential,"LOTUS ENCLAVE- PHASE 2, BBD GREEN CITY",Uttar Pradesh,Lucknow,8/8/2017,31-12-2020,Lucknow,31766,26.87985249,81.05344876,DAZZLE DESIGN
#N/A,UPRERAPRJ600636,MAHALUXMI BUILDTECH LIMITED,Residential,MIGSUN ATHARVA - MIGSUN MI GENTE - MIGSUN ESTELLA,Uttar Pradesh,Ghaziabad,5/7/2019,16-06-2024,Ghaziabad,35725,28'42'04.48'N,77'24'32.49'E,VISHAL MITTAL
R1361,UPRERAPRJ11625,SUNWORLD RESIDENCY PRIVATE LIMITED,Residential,"SUNWORLD ARISTA (PH-2 T-5,7,8,9), CLUB",Uttar Pradesh,Gautam Buddha Nagar,15-08-2017,31-12-2021,Gautam Buddha Nagar,10957,282936.63,772422.34,R.N. Gupta & Associates
R217045,UPRERAPRJ1550,OMAXE LIMITED,Residential,"GH-1 (GRAND OMAXE), PHASE - 4, AT OMAXE INTEGRATED",Uttar Pradesh,Lucknow,27-07-2017,31-07-2023,Lucknow,6932,26.811199,81.00025,PRAKASH KUMAR 
#N/A,UPRERAPRJ242773,"OXY HEIGHTZ INFRA LLP
DEEPAK GAMBHIR",Commercial,OXY HI STREET,Uttar Pradesh,Ghaziabad,9/1/2024,30-04-2028,Ghaziabad,5994,28.70989722,77.33050833,Anuj Agarwal Proprietor of Anuj Agarwal Architects
R151135,UPRERAPRJ5703,PAVITRA CONBUILD PRIVATE LIMITED,Residential,THE SAPPHIRE,Uttar Pradesh,Ghaziabad,1/8/2017,14-04-2021,Ghaziabad,7084,28.65246,77.47868,"Mr. Navdeep Sethi, "
#N/A,UPRERAPRJ4830,SUPERTECH LIMITED,Residential,SUPERTECH ECO VILLAGE-I (PHASE-II),Uttar Pradesh,Gautam Buddha Nagar,9/8/2017,30-05-2019,Gautam Buddha Nagar,69420,28.579507,77.439861,
R817,UPRERAPRJ9744,SUPERTECH LIMITED,Residential,SUPERTECH ECOCITI - PHASE-1,Uttar Pradesh,Gautam Buddha Nagar,12/8/2017,30-12-2017,Gautam Buddha Nagar,4917,28.511163,77.410926,Space Designers International
#N/A,UPRERAPRJ653132/10/2024,YAMUNA EXPRESSWAY INDUSTRIAL DEVLOPMENT AUTHORITY,Residential,RPS08/2024,Uttar Pradesh,Gautam Buddha Nagar,28-10-2024,30-06-2029,Gautam Buddha Nagar,194206,28.2713552,77.5455721,DEEPAK CHAUDHARY
#N/A,UPRERAPRJ179850,OCEAN INFRAHEIGHTS PRIVATE LIMITED,Commercial,GOLDEN I PHASE-II,Uttar Pradesh,Gautam Buddha Nagar,30-10-2021,24-12-2023,Gautam Buddha Nagar,30691,28.5936,77.4343,Sikka Associates Architects - Raman Sikka
#N/A,UPRERAPRJ3363,SVP BUILDERS INDIA LIMITED,Residential,GULMOHAR GARDEN PHASE II,Uttar Pradesh,Ghaziabad,11/8/2017,17-07-2019,Ghaziabad,38780,28.703159,77.435863,MR. ANUJ AGGARWAL
#N/A,UPRERAPRJ6934,GAURSONS HI-TECH INFRASTRUCTURE PRIVATE LIMITED,Commercial,GAUR CITY MALL,Uttar Pradesh,Gautam Buddha Nagar,31-07-2017,31-12-2023,Dadri,24100,28.60613638,77.42949598,Ateesh Agarwal
#N/A,UPRERAPRJ10296,ORBIT INFRAPROMOTERS PVT. LTD.,Residential,APEX CITY,Uttar Pradesh,Meerut,14-08-2017,12/7/2019,Meerut,39900,28 58 25 31,77 37 53 28,Alliance Architects and Engineers
R271189,UPRERAPRJ3203,"RISHABH BUILDWELL PVT. LTD.
TANDT INFRA CREATIONS PRIVATE LIMITED",Residential,HINDON GREEN VALLEY,Uttar Pradesh,Ghaziabad,1/8/2017,30-06-2022,Ghaziabad,26626,28 38 51 N,28 38 43 N,Mr. Gyan Prakash Mathur
R64884,UPRERAPRJ4779,SKARDI REALTECH PVT LTD,Residential,SKARDI GREENS-PHASE-I,Uttar Pradesh,Ghaziabad,5/8/2017,30-09-2018,Ghaziabad,5207,28 39' 28.48 N,77 28' 19.45'E,KAILASH AGRAWAL
#N/A,UPRERAPRJ13388,SUPERIOR FABRICS PRIVATE LIMITED,Residential,MMG RESIDENCY,Uttar Pradesh,Kanpur Nagar,31-10-2017,1/10/2022,Kanpur,2423,26 28'28.13',80 21'18.90',Siddharth Singh
#N/A,UPRERAPRJ196239,UPPAL CHADHA HI-TECH DEVELOPERS PVT. LTD.,Residential,UCHDPL-VERIDIA-6-OAKWOOD ENCLAVE,Uttar Pradesh,Ghaziabad,28-11-2023,28-12-2025,Ghaziabad,15827,28.6603,77.4962,Niraj Kumar Nanda
#N/A,UPRERAPRJ228610,KAMROOP PROMOTERS LLP,Commercial,SKA ARCADIA,Uttar Pradesh,Ghaziabad,20-12-2022,30-10-2027,Ghaziabad,7861,28.65497,77.488,KAILASH  AGGRAWAL
#N/A,UPRERAPRJ6539,SAMIAH INTERNTIONAL BUILDERS LIMITED,Residential,SAMIAH MELROSE SQUARE,Uttar Pradesh,Lucknow,31-07-2017,27-07-2020,Lucknow,7440,26.7780014,80.95335022,ARG Technocrats
#N/A,UPRERAPRJ2527,UPPAL CHADHA HI-TECH DEVELOPERS PVT. LTD.,Residential,SECTOR-5-EWS/LIG,Uttar Pradesh,Ghaziabad,28-07-2017,31-08-2018,Ghaziabad,18872,28.64982,77.51002,Niraj Kumar nanda
#N/A,UPRERAPRJ952438,"SPRING GARDEN
ISHTIYAQ AHMAD KHAN",Residential,NEW GARDEN,Uttar Pradesh,Lucknow,26-07-2023,31-12-2025,Lucknow,10131.12,26.53,81.427,Mr. Deepankar Sharma
#N/A,UPRERAPRJ11664,SRISHTI INFRASTATES PRIVATE LIMITED,Residential,SRISHTI APPARTMENT,Uttar Pradesh,Varanasi,15-08-2017,24-12-2018,Varanasi,878,25.358235,82.986443,KISHOR KAPOOR
#N/A,UPRERAPRJ11286,NIRMALA INFRADEVELOPERS LIMITED,Commercial,GOMTI GANJ,Uttar Pradesh,Lucknow,14-08-2017,30-04-2020,Sarojini Nagar,7000,26.77818,81.02834,REPL
#N/A,UPRERAPRJ8845,PANCHSHEEL BUILDTECH PVT. LTD.,Residential,PANCHSHEEL PINNACLE PHASE - 1 (TOWER - F2 & F3) PA,Uttar Pradesh,Gautam Buddha Nagar,11/8/2017,31-08-2019,Gautam Buddha Nagar,8393,"28,40,38","77,29,11",-
R268773,UPRERAPRJ7561,RISE PROJECTS PVT LTD,Residential,RISE RESORT RESIDENCES PHASE-I,Uttar Pradesh,Gautam Buddha Nagar,11/8/2017,31-07-2022,Gautam Buddha Nagar,152000,28.58003666,77.42970473,Rachit Sharma
R864,UPRERAPRJ9689,"IITL-NIMBUS THE HYDE PARK,NOIDA",Residential,"IITL-NIMBUS THE HYDE PARK (TOWER S,T,U)",Uttar Pradesh,Gautam Buddha Nagar,11/8/2017,31-12-2018,Gautam Buddha Nagar,9474,28.56406,77.388595,M/S. NATIONAL ARCHITECTS & ENGINEERS
#N/A,UPRERAPRJ10794,QUALITY DEVELOPERS,Commercial,P D CITY MALL,Uttar Pradesh,Kushinagar,14-08-2017,23-03-2023,Select,4011,83'58'43.4'E,26'53'40.8'N,ACORE ARCHITECTURAL SERVICES PRIVATE LIMITED
#N/A,UPRERAPRJ9384,YAMUNA EXPRESSWAY INDUSTRIAL DEVLOPMENT AUTHORITY,Residential,"GH-06, SEC-22A, YEIDA, PHASE 1 (YAMUNOTRI)",Uttar Pradesh,Gautam Buddha Nagar,11/8/2017,31-03-2021,Gautam Buddha Nagar,105659,28.32226379,77.53962159,GYANESHWAR PRASAD
#N/A,UPRERAPRJ923780,STELLAR SPRING PROJECTS PRIVATE LIMITED,Residential,STELLAR ONE PHASE II,Uttar Pradesh,Gautam Buddha Nagar,30-12-2023,15-11-2028,Dadri,21888,28.57784,77.43519,SAMEER BALGOTRA
R3506,UPRERAPRJ10833,PERFECT PROPBUILD PVT LTD (ANTRIKSH GROUP),Residential,ANTRIKSH KANBALL 3G & FOREST(1),Uttar Pradesh,Gautam Buddha Nagar,14-08-2017,29-01-2019,Gautam Buddha Nagar,35995,28.5695,77.3888,pankaj nath andely
#N/A,UPRERAPRJ7405,R. R. DWELLINGS PVT LTD,Residential,CELEBRITY GARDENS BLOCK M,Uttar Pradesh,Lucknow,31-07-2017,20-07-2015,Lucknow,3886,26.769006 N,26.770065 N,Viresh Kumar
#N/A,UPRERAPRJ397607,STARCITY BUILDERS AND PROMOTERS LLP,Commercial,ACE YXP,Uttar Pradesh,Gautam Buddha Nagar,17-01-2024,31-03-2027,Gautam Buddha Nagar,16004.32,28.3166194,77.55030556,Ravi Garg -ACPL Design Ltd 
#N/A,UPRERAPRJ892259,WALL ROCK DEVELOPERS LLP,Commercial,YAMUNA CITY MALL,Uttar Pradesh,Gautam Buddha Nagar,30-11-2022,22-09-2027,Gautam Buddha Nagar,5000,28.30573,77.55893,Kailash Chander Aggarwal 
#N/A,Commercial,NOIDA CYBER HUB,Uttar Pradesh,Gautam Buddha Nagar,5/12/2022,31-05-2025,Gautam Buddha Nagar,2142,28.36484,77.22027,Kapil Razdan,,
#N/A,Residential,ATS LE GRANDIOSE -PHASE-I,Uttar Pradesh,Gautam Buddha Nagar,31-07-2017,31-12-2022,Gautam Buddha Nagar,53908,28.425123,77.487052,AR.GAURAV SOOD,,
#N/A,Residential,GODREJ NEST PHASE-2,Uttar Pradesh,Gautam Buddha Nagar,3/11/2017,30-09-2024,Gautam Buddha Nagar,9503,28.420189,77.493981,Arcop Associates. Pvt. Ltd.,,
#N/A,Residential,GODREJ NURTURE PHASE-1,Uttar Pradesh,Gautam Buddha Nagar,30-10-2018,29-03-2025,Gautam Buddha Nagar,26380,28.420189,77.493981,Arcop Associates. Pvt. Ltd.,,
#N/A,Commercial,THE JEWEL OF NOIDA (PHASE IV) - AVENUES AT BURJ NOIDA,Uttar Pradesh,Gautam Buddha Nagar,2/2/2019,4/11/2028,Gautam Buddha Nagar,698,28.575438,77.381541,DESIGNARCH CONSULTANTS PVT. LTD.,,
#N/A,Mixed,SPRING ELMAS,Uttar Pradesh,Gautam Buddha Nagar,17-12-2022,15-12-2029,Dadri,20000,28.561903,77.483416,VIPIN KUMAR,,
#N/A,Residential,ACE PARKWAY,Uttar Pradesh,Gautam Buddha Nagar,9/8/2017,31-12-2021,Gautam Buddha Nagar,45604,28.43213438,77.48222609,Raj Kumar ,,
#N/A,Mixed,GODREJ WOODS PHASE II,Uttar Pradesh,Gautam Buddha Nagar,20-05-2021,28-01-2027,Gautam Buddha Nagar,20602,71.210076,28.332727,Ar. Abhishek Verma,,
#N/A,Residential,AANANDA NEW TOWER,Uttar Pradesh,Prayagraj,11/10/2024,15-04-2029,Karchhana,7237,25.38907,81.890277,Apurba Borah,,
#N/A,Residential,CELESTIA,Uttar Pradesh,Lucknow,16-09-2019,31-07-2024,Lucknow,2077,26.835191,80.926748,Ar. Chitranshu Khare - Point Architects Pvt Ltd,,
#N/A,Residential,PUSHPANJALI PLANET (PUSHPANJALI HABITAT),Uttar Pradesh,Agra,7/10/2017,31-12-2021,Agra,34064,27.152812,78.034101,Theme Consultants,,
#N/A,Residential,ELDECO LIVE BY THE GREENS PHASE-II,Uttar Pradesh,Gautam Buddha Nagar,30-06-2021,31-12-2026,Gautam Buddha Nagar,15572,28.41828002,77.48763798,Mr. Kulmeet Shangari,,
#N/A,Residential,APPLE RESIDENCY,Uttar Pradesh,Kanpur Nagar,29-09-2017,24-12-2020,Kanpur,4896,26 31'21.23' N,80 15'31.10' E,Uma Shanker,,
#N/A,Residential,SECTOR-5-EWS/LIG,Uttar Pradesh,Ghaziabad,28-07-2017,31-08-2018,Ghaziabad,18872,28.64982,77.51002,Niraj Kumar nanda,,
#N/A,Residential,UCHDPL-SECTOR-1-OAK WOOD ENCLAVE- PLOTS,Uttar Pradesh,Ghaziabad,24-08-2020,30-06-2021,Ghaziabad,99041,28.6608,77.4954,Niraj Kumar Nanda,,
#N/A,Mixed,GODREJ TROPICAL ISLE,Uttar Pradesh,Gautam Buddha Nagar,22-07-2023,28-02-2030,Gautam Buddha Nagar,25000,28.470636,77.452858,Ar. Avanish Srivastav,,
#N/A,Residential,PALM OLYMPIA PH 2,Uttar Pradesh,Gautam Buddha Nagar,22-07-2023,30-04-2028,Gautam Buddha Nagar,33050,28.3659,77.2511,Mr. Vishal Sharma,,
#N/A,Residential,HARI ENCLAVE,Uttar Pradesh,Varanasi,11/10/2017,21-02-2021,Varanasi,5321,25.24888,82.978723,G.S. SHUKLA,,
#N/A,Residential,SKA DESTINY ONE,Uttar Pradesh,Gautam Buddha Nagar,8/4/2024,20-01-2029,Gautam Buddha Nagar,23655,28.49698,77.52111,BRIJ INDIA ARCHITECTS,,
#N/A,Residential,BHADAWAR ROYAL RESIDENCY,Uttar Pradesh,Agra,15-08-2017,14-07-2021,Agra,2965,27.206633,77.998336,ANVAYA ASSOCIATES ,,
#N/A,Residential,SHALIMAR PARADISE PHASE-1,Uttar Pradesh,Barabanki,12/8/2017,30-12-2018,Nawabganj,48254,26.899636,81.10873,JSR Architecture Interioors,,
#N/A,Residential,SHALIMAR GALLANT WEST,Uttar Pradesh,Lucknow,19-07-2022,20-10-2026,Lucknow,8162,26.884066,80.9555256,Mr. Nikhil Arora (M/s. Arcop Associates),,
#N/A,Residential,SHERE SHALIMAR MANNAT EXTENSION-2,Uttar Pradesh,Barabanki,20-02-2020,9/2/2024,Nawabganj,6585,26.902343,81.101617,JSR Architects,,
#N/A,Residential,REVISED GROUP HOUSING-SHALIMAR GALLANT PHASE-2,Uttar Pradesh,Lucknow,28-07-2017,30-06-2019,Lucknow,5850,26.885104,80.955318,Arcop Associates (P) Ltd.,,
#N/A,Residential,WINDSOR GREENS PHASE-2,Uttar Pradesh,Lucknow,31-08-2019,30-06-2024,Lucknow,7464,26.896708,81.072256,Ar. Vishal Mittal,,
#N/A,Residential,ANTRIKSH KANBALL 3G & FOREST(1),Uttar Pradesh,Gautam Buddha Nagar,14-08-2017,29-01-2019,Gautam Buddha Nagar,35995,28.5695,77.3888,pankaj nath andely,,
#N/A,Residential,PASSION ROYAL COTTAGE,Uttar Pradesh,Kanpur Nagar,1/8/2022,24-03-2027,Kanpur,37738,26.546558,80.257677,RAJIV BAJPAI,,
#N/A,Residential,AIG ROYAL ( PHASE-2),Uttar Pradesh,Gautam Buddha Nagar,3/2/2020,20-06-2023,Gautam Buddha Nagar,2850,28.55555304,77.44359779,Chander Mohan,,
#N/A,Residential,RATAN ORBIT (PHASE-II),Uttar Pradesh,Kanpur Nagar,13-08-2017,31-12-2018,Kanpur,5117,26.511365,80.267261,RITESH R KAKKAR,,
#N/A,Residential,VASUDEV ELEMENTS (PHASE-1),Uttar Pradesh,Mathura,28-09-2021,15-07-2026,Mathura,62004,27.579073,77.648813,Amit Agarwal,,
#N/A,Commercial,PRATEEK GRAND CITY WALK (CARNESIA),Uttar Pradesh,Ghaziabad,27-10-2017,31-12-2020,Ghaziabad,2627,28.648039,77.403241,DEEPAK MEHTA & ASSOCIATES AND DESIGN CONCEPT BY ARCHITECT HAFEEZ CONTRACTOR,,
#N/A,Residential,UCHDPL-VERIDIA-3-OAKWOOD ENCLAVE,Uttar Pradesh,Ghaziabad,15-05-2022,14-10-2025,Ghaziabad,11749,28.6603,77.4962,Niraj Kumar Nanda ,,
#N/A,Residential,"SUNWORLD ARISTA (PH-2 T-5,7,8,9), CLUB",Uttar Pradesh,Gautam Buddha Nagar,15-08-2017,31-12-2021,Gautam Buddha Nagar,10957,282936.63,772422.34,R.N. Gupta & Associates,,
#N/A,Residential,PANCHSHEEL PINNACLE PHASE - 1 (TOWER - F2 & F3) PA,Uttar Pradesh,Gautam Buddha Nagar,11/8/2017,31-08-2019,Gautam Buddha Nagar,8393,"28,40,38","77,29,11",-,,
#N/A,Residential,EXPERION ELEMENTS PHASE-1,Uttar Pradesh,Gautam Buddha Nagar,4/4/2024,4/1/2029,Gautam Buddha Nagar,10329,28.55098,77.34577,Cyrus Homi Shroff,,
#N/A,Residential,GULSHAN DYNASTY,Uttar Pradesh,Gautam Buddha Nagar,19-11-2019,30-11-2024,Gautam Buddha Nagar,23504,282950.06,772618.03,VISHAL SHARMA,,
#N/A,Residential,IITL-NIMBUS THE HYDE PARK NOIDA (COMMERCIAL -HYDE,Uttar Pradesh,Gautam Buddha Nagar,14-08-2017,31-03-2018,Gautam Buddha Nagar,600,28.56406,77.388595,M/S. NATIONAL ARCHITECTS & ENGINEERS,,
#N/A,Commercial,PREMERIA,Uttar Pradesh,Gautam Buddha Nagar,4/8/2017,31-12-2018,Gautam Buddha Nagar,11850,"28.558775, 77.469803","28.555062, 77.4470275",ACPL Design Ltd,,
#N/A,Residential,KUMAR GOLF VISTA,Uttar Pradesh,Ghaziabad,9/8/2017,-,Ghaziabad,2850,77.436537,28.624784,-,,
#N/A,Residential,"RUDRA GARDEN CITY, PHASE - 1
(Completed)",Uttar Pradesh,Chandauli,1/8/2017,7/2/2021,Select,5172,25.257928,83.137685,RAJIV BAJPAI,,
#N/A,Residential,THE ARANYA PHASE 2,Uttar Pradesh,Gautam Buddha Nagar,31-07-2017,30-04-2018,Gautam Buddha Nagar,15900,28 35'23.90' N,77 24'08.59' E,,,
#N/A,Residential,RAJ GARDEN CITY,Uttar Pradesh,Ghaziabad,8/8/2017,31-12-2018,Ghaziabad,14765,28.705265,77.432768,DHAMA AND ASSOCIATES,,
#N/A,Residential,ROYAL HEIGHT,Uttar Pradesh,Ghaziabad,5/10/2017,20-12-2017,Ghaziabad,380,28.636,28.636,NITA SINGH RAGHAV,,
#N/A,Residential,SHRI MAHADEV VILLA,Uttar Pradesh,Varanasi,15-08-2017,31-12-2021,Varanasi,638,25.3,82.98,SANJEEV KUMAR GUPTA,,
#N/A,Residential,SHREE KRISHNA TOWERS,Uttar Pradesh,Sambhal,27-12-2022,30-05-2026,Chandausi,4000,28.26208,78.42261,RITIKA VARSHNEY,,
#N/A,Residential,HIMALAYA PRIDE (PHASE 2 : TOWER C),Uttar Pradesh,Gautam Buddha Nagar,9/8/2017,31-12-2019,Gautam Buddha Nagar,8000,28'35'49.85'' N,77'27'09.20'' E,AR VISHAL MITTAL,,
#N/A,Residential,MIHIR HEIGHTS,Uttar Pradesh,Meerut,14-08-2017,31-10-2019,Meerut,2900,28.9702,77.64928,AMIT GUPTA,,
#N/A,Residential,LOTUS COURT PHASE II TOWER 5,Uttar Pradesh,Lucknow,30-06-2023,15-01-2028,Lucknow,4850,26.8838621,81.05463027,Ar. Rajit Arya,,
#N/A,Commercial,DELTA CITY CENTRE,Uttar Pradesh,Gautam Buddha Nagar,13-08-2017,9/10/2019,Gautam Buddha Nagar,1400,28.483522,77.525833,KHURSHEED AHMED MALIK,,
#N/A,Residential,RISE ORGANIC HOMES PHASE 2,Uttar Pradesh,Ghaziabad,1/8/2017,30-09-2022,Ghaziabad,3284,28.65339531,77.47395327,RACHIT SHARMA,,
#N/A,Commercial,GATEWAY PLAZA,Uttar Pradesh,Gautam Buddha Nagar,24-03-2021,3/4/2024,Gautam Buddha Nagar,6136,28.47006591,77.53557,Mukul Arora,,
#N/A,Residential,ATS PRISTINE-PHASE-II,Uttar Pradesh,Gautam Buddha Nagar,1/8/2017,31-12-2021,Gautam Buddha Nagar,17967,28.438778,77.483737,VARUN JUNEJA,,
#N/A,Residential,"GH-4 (RESIDENCY-II) PHASE-1,OMAXE INTEGRATED TOWNS",Uttar Pradesh,Lucknow,27-07-2017,31-12-2021,Lucknow,48592,26.810761,80.995723,PRAKASH KUMAR,,
#N/A,Residential,RATAN SOLITAIRE,Uttar Pradesh,Kanpur Nagar,4/8/2017,30-06-2018,Kanpur,6535,26.404223,80.38312,PAWAN.K.SAWLANI,,
#N/A,Commercial,"SPORTS VILLAGE (PHASE-III, COMMERCIAL)",Uttar Pradesh,Gautam Buddha Nagar,29-05-2019,31-12-2022,Gautam Buddha Nagar,5200,28.541599,77.493916,Nirbhay Shukla Comprehensive Architect,,
#N/A,Residential,LOTUS ISLE (RESIDENTIAL),Uttar Pradesh,Gautam Buddha Nagar,11/8/2017,31-03-2021,Gautam Buddha Nagar,10240,28'31'58.69'N,77'21'41.79'E,Kulmeet Shangari,,
#N/A,Residential,JKG PALM COURT PHASE-II,Uttar Pradesh,Gautam Buddha Nagar,31-07-2017,30-06-2019,Gautam Buddha Nagar,8330,77.4242,28.6161,SPACE DESIGNERS INTERNATIONAL ARCHITECTS PVT LTD,,
#N/A,Residential,SHREE ARDHYA ESTATE,Uttar Pradesh,Mathura,25-09-2017,31-08-2020,Mathura,17649,193.01,122.32,NA,,
#N/A,Residential,SHRIRAM NORTH VIEW APPARTMENTS,Uttar Pradesh,Ghaziabad,10/6/2023,14-12-2027,Ghaziabad,6578,28.70355,77.43797,MOHIT SHUKLA,,
#N/A,Residential,PITAMBARA PARADISE,Uttar Pradesh,Agra,2/5/2022,21-09-2026,Agra,2860,27.2090744,77.9357652,Arvind Kumar Upadhyay,,
#N/A,Residential,HIMALAYA PRIDE (PHASE 3 : TOWER D),Uttar Pradesh,Gautam Buddha Nagar,9/8/2017,31-12-2020,Dadri,5665,28'35'49.85'' N,77'27'09.20'' E,AR VISHAL MITTAL,,
#N/A,Residential,SUPERNOVA PHASE-I (NOVA EAST AND NOVA WEST),Uttar Pradesh,Gautam Buddha Nagar,13-08-2017,30-06-2019,Gautam Buddha Nagar,15985,29.1417703,77.336962, modarch india ,,
#N/A,Commercial,GLOBAL CITY WALK,Uttar Pradesh,Ghaziabad,14-08-2023,30-06-2027,Ghaziabad,5714.12,28.42093,77.24437,Anuj Agarwal Architects,,
#N/A,Residential,"CLEO COUNTY ,PHASE -3,(COMPRISING TOWERS E1,E2,E3,
(Completed)",Uttar Pradesh,Gautam Buddha Nagar,27-07-2017,31-08-2022,Gautam Buddha Nagar,26396,28.598451,77.391327,MR VISHAL SHARMA,,
#N/A,Residential,"JAYPEE GREENS KLASSIC - A (PHASE II), NOIDA",Uttar Pradesh,Gautam Buddha Nagar,28-07-2017,31-03-2019,Gautam Buddha Nagar,40128,28^ 30' 42'',77^ 23' 02'',M/s GIAN P MATHUR,,
#N/A,Residential,"JAYPEE GREENS KOSMOS - C, NOIDA",Uttar Pradesh,Gautam Buddha Nagar,28-07-2017,31-12-2018,Gautam Buddha Nagar,23018,28^ 30' 42'',77^ 23' 02'',M/s ARCOP ASSOCIATES PVT. LTD,,
#N/A,Residential,PANCHSHEEL HYNISH PHASE -1 (TOWER-T8 &T9),Uttar Pradesh,Gautam Buddha Nagar,13-08-2017,8/5/2018,Gautam Buddha Nagar,5139,"28,34,25","77,26,35",Oasis Designs incorporated,,
#N/A,Residential,SOLITAIRIAN CITY - (PARY) PHASE-2,Uttar Pradesh,Gautam Buddha Nagar,31-07-2017,31-12-2021,Gautam Buddha Nagar,4457,28.358525,77.531036,VISHAL SHARMA,,
#N/A,Residential,NEOTOWN PHASE-1,Uttar Pradesh,Gautam Buddha Nagar,31-07-2017,30-06-2019,Gautam Buddha Nagar,40279,28°35'19.23''N077°26'30.56''E ,28°35'20.66''N 077°26'35.04''E,GIAN P. MATHUR & ASSOCIATES PVT. LTD.,,
#N/A,Residential,THE SAPPHIRE,Uttar Pradesh,Ghaziabad,1/8/2017,14-04-2021,Ghaziabad,7084,28.65246,77.47868,"Mr. Navdeep Sethi, ",,
#N/A,Residential,VVIP ASSET,Uttar Pradesh,Ghaziabad,31-07-2017,31-12-2018,Ghaziabad,21717,N 28' 42' 2.9094',N 28' 42.048489',Anuj Agarwal Architects Pvt. Ltd.,,
#N/A,Residential,"NEW CIVIL LINES, PHASE 1",Uttar Pradesh,Rampur,17-01-2018,30-06-2018,Rampur,2626,28'45'38.2'N,79'01'16.9'E,N/A,,
#N/A,Residential,GROUP HOUSING-1(FULL MOON) IN OMAXE ETERNITY VIRNDAVAN,Uttar Pradesh,Mathura,27-07-2017,31-05-2020,Mathura,4895,27.5736861,77.6556228,PRAKASH KUMAR,,
#N/A,Residential,SUPERTECH ECO VILLAGE-I (PHASE-II),Uttar Pradesh,Gautam Buddha Nagar,9/8/2017,30-05-2019,Gautam Buddha Nagar,69420,28.579507,77.439861,,,
#N/A,Residential,SUPERTECH ECO VILLAGE-II (PHASE-III),Uttar Pradesh,Gautam Buddha Nagar,10/8/2017,28-02-2021,Gautam Buddha Nagar,14965,28.610574,77.442808,,,
#N/A,Residential,SUPERTECH ECOCITI - PHASE-1,Uttar Pradesh,Gautam Buddha Nagar,12/8/2017,30-12-2017,Gautam Buddha Nagar,4917,28.511163,77.410926,Space Designers International,,
#N/A,Residential,"SUNWORLD ARISTA (PH-1 T-1,2,3,4,6,10)",Uttar Pradesh,Gautam Buddha Nagar,15-08-2017,31-12-2018,Gautam Buddha Nagar,29265,282936.63,772422.34,R.N. Gupta & Associates,,
#N/A,Commercial,SILVER HEIGHTS,Uttar Pradesh,Gorakhpur,15-08-2017,1/3/2019,Gorakhpur,3216,26.82355188,83.4077562,NEERAJ & ASSOCIATES,,
#N/A,Residential,RUDRAKSH RESIDIENTIAL SCHEME,Uttar Pradesh,Saharanpur,28-05-2022,31-12-2022,Saharanpur,4370,29.9558,77.5263,Manmeet Singh Bajaj,,
#N/A,Residential,SAYA GOLD AVENUE (PHASE 2),Uttar Pradesh,Ghaziabad,1/8/2017,31-12-2019,Ghaziabad,20036,77 22 00,28 38 07,Shivendra Nath,,
#N/A,Residential,SPEEDWAY AVENUE,Uttar Pradesh,Gautam Buddha Nagar,18-10-2017,21-02-2019,Gautam Buddha Nagar,9715,28 21 27 N,77 31 08 E,GIAN P MATHUR,,
#N/A,Residential,CELEBRITY MEADOWS BLOCK C,Uttar Pradesh,Lucknow,31-07-2017,31-03-2019,Lucknow,4410,26.769575 N,80.997835 E,Viresh Kumar,,
#N/A,Residential,"GH-06, SEC-22A, YEIDA, PHASE 1 (YAMUNOTRI)",Uttar Pradesh,Gautam Buddha Nagar,11/8/2017,31-03-2021,Gautam Buddha Nagar,105659,28.32226379,77.53962159,GYANESHWAR PRASAD,,
#N/A,Residential,ANANDLOK,Uttar Pradesh,Firozabad,30-10-2017,1/2/2018,Tundla **,8139,27 12,78 45,AKS Associates,,
#N/A,Residential,SHIV GANGA RESIDENCY,Uttar Pradesh,Agra,28-09-2017,7/4/2020,Agra,24460, 27' 7'38.92'N, 78' 2'4.07'E,Pushpendra Singh ,,
#N/A,Residential,SCC SAPPHIRE PH-II BLOCK - F,Uttar Pradesh,Ghaziabad,31-07-2017,31-12-2020,Ghaziabad,2913,28.709326,77.423765,Anuj Agarwal ,,
#N/A,Residential,UCHDPL-SECTOR-7-PLOTS,Uttar Pradesh,Ghaziabad,28-07-2017,31-05-2020,Ghaziabad,225488,28.63958,77.50689,NA,,
#N/A,Residential,"NIRALA GREENSHIRE PH-1 (G6-G12,G14)",Uttar Pradesh,Gautam Buddha Nagar,31-07-2017,30-09-2020,Gautam Buddha Nagar,25740,28.5798582,77.4456578,Reinfo-tech Consultants,,
#N/A,Residential,RISHITA MULBERRY HEIGHTS PHASE 5,Uttar Pradesh,Lucknow,1/1/2021,31-12-2025,Sarojini Nagar,11155,26.781944,26.781111,Design Forum International,,
#N/A,Residential,CRC MAESTA,Uttar Pradesh,Gautam Buddha Nagar,12/7/2024,21-05-2029,Gautam Buddha Nagar,14769,28.343862,77.255796,RAJIV GANDHI,,
#N/A,Residential,DELHI 99 EWS AND LIG,Uttar Pradesh,Ghaziabad,26-07-2018,31-12-2022,Ghaziabad,7122,"28 42' 51.35'N	","77 19' 51.49' E	","ANUJ AGARWAL	",,
#N/A,Residential,ROHTAS CRESENT,Uttar Pradesh,Lucknow,27-09-2019,1/12/2022,Mohanlalganj,100447,26.776,81.072,Anupam Mittal,,
#N/A,Residential,SIGNATURE PARK SECTOR 2 & 3,Uttar Pradesh,Lucknow,1/4/2022,31-12-2026,Mohanlalganj,119523,26.740664,81.072929,Triptie Awasthi,,
#N/A,Residential,GORAKHDHAM ENCLAVE,Uttar Pradesh,Gorakhpur,13-08-2017,3/6/2019,Gorakhpur,2987,"26,77,61","83,36,00",RAKESH KUMAR,,
#N/A,Residential,"JAYPEE GREENS SUN COURT - B, GREATER NOIDA",Uttar Pradesh,Gautam Buddha Nagar,29-07-2017,31-03-2020,Gautam Buddha Nagar,5128,28^ 28' 21',77^ 30' 55',Arcop Associates Pvt. Ltd. ,,
#N/A,Residential,THE RESIDENT TOWER,Uttar Pradesh,Gautam Buddha Nagar,22-07-2019,25-04-2024,Gautam Buddha Nagar,16000,28'25’35.47'N,77'29’12.55'E,Ujjal Kar                                                           ,,
#N/A,Residential,COCO COUNTY,Uttar Pradesh,Gautam Buddha Nagar,2/5/2019,31-03-2025,Gautam Buddha Nagar,18380,28.569407,77.481207,Mr. Vishal Sharma,,
#N/A,Residential,RUDRAKSH APARTMENTS,Uttar Pradesh,Bareilly,18-10-2017,3/3/2021,Bareilly,4572,28.375593,79.461016,NAND KISHORE,,
#N/A,Residential,SHIVALIK AKSHAY,Uttar Pradesh,Kanpur Nagar,1/10/2020,31-12-2026,Kanpur,6140,26.543293,80.262034,Ar. Vijai Prakash Gupta,,
#N/A,Residential,PRATEEK GRAND BEGONIA (PHASE I),Uttar Pradesh,Ghaziabad,14-09-2024,10/6/2029,Ghaziabad,22284,28.648,77.4032,Anuj Agarwal Architects,,
#N/A,Commercial,GOLDEN I PHASE-II,Uttar Pradesh,Gautam Buddha Nagar,30-10-2021,24-12-2023,Gautam Buddha Nagar,30691,28.5936,77.4343,Sikka Associates Architects - Raman Sikka,,
#N/A,Residential,VASUNDHARA GRAND,Uttar Pradesh,Ghaziabad,31-07-2017,1/8/2019,Ghaziabad,6465,28.39.18.09,77.21.36.61,ANUJ AGARWAL ARCHITECTS,,
#N/A,Residential,GULMOHAR GARDEN PHASE II,Uttar Pradesh,Ghaziabad,11/8/2017,17-07-2019,Ghaziabad,38780,28.703159,77.435863,MR. ANUJ AGGARWAL,,
#N/A,Residential,SOLITAIRIAN CITY - (SOLI-)PHASE-2,Uttar Pradesh,Gautam Buddha Nagar,31-07-2017,31-12-2020,Gautam Buddha Nagar,28213,28.358191,77.53099,VISHAL SHARMA,,
#N/A,Residential,GREENARCH PHASE-2,Uttar Pradesh,Gautam Buddha Nagar,31-07-2017,28-02-2019,Gautam Buddha Nagar,8400,28.598544,77.450033,Deepak Mehta & Associates,,
#N/A,Residential,NEELAYA CAPITAL,Uttar Pradesh,Lucknow,10/10/2024,15-06-2028,Lucknow,4124,26.808765,81.0047,Sachin Chauhan,,
#N/A,Residential,VIDHAN METRO PHASE-I,Uttar Pradesh,Varanasi,9/1/2021,30-03-2024,Varanasi,3636,25.3682,25.3677,AJAY SINGH,,
#N/A,Residential,ESSENCE RESIDENCY,Uttar Pradesh,Lucknow,25-05-2021,22-02-2023,Lucknow,2010,26.515443,80.570307,Kausar Parvez,,
#N/A,Residential,RUDRA GARDENIA PHASE-1,Uttar Pradesh,Kanpur Nagar,9/8/2023,30-09-2029,Kanpur,7655,26.546021,80.26049,Md. Farooque Karim,,
#N/A,Residential,PLATINUM HEIGHT,Uttar Pradesh,Ghaziabad,31-07-2017,28-02-2018,Ghaziabad,20000,28.65250791,77.34529919,RD DESIGN ATRIUM,,
#N/A,Residential,RISHITA MULBERRY HEIGHTS PHASE 3,Uttar Pradesh,Lucknow,19-03-2020,31-03-2024,Sarojini Nagar,18314,26.781081,81.009128,Design Forum International,,
#N/A,Residential,PALM RESORT,Uttar Pradesh,Ghaziabad,31-07-2017,31-12-2019,Ghaziabad,28567,28 42''15.38 N,77 25' ' 29.74E,Vishal Mittal,,
#N/A,Residential,SILVER HOMES,Uttar Pradesh,Ghaziabad,30-08-2017,29-12-2022,Ghaziabad,3542,28' 39' 12' N,77' 28' 35' E,Vishal Mittal,,
#N/A,Commercial,GAUR CITY MALL,Uttar Pradesh,Gautam Buddha Nagar,31-07-2017,31-12-2023,Dadri,24100,28.60613638,77.42949598,Ateesh Agarwal,,
#N/A,Residential,APEX CITY,Uttar Pradesh,Meerut,14-08-2017,12/7/2019,Meerut,39900,28 58 25 31,77 37 53 28,Alliance Architects and Engineers,,
#N/A,Commercial,IQ LIFESTYLE PLAZA,Uttar Pradesh,Lucknow,14-06-2022,1/4/2026,Lucknow,1725,33.115,52.08,Vishal Mathur,,
#N/A,Residential,BROOKSIDE VALLEY,Uttar Pradesh,Ghaziabad,7/11/2023,6/8/2028,Ghaziabad,23540,28.72071,77.45327,Anuj Agarwal,,
#N/A,Residential,SURAT RESIDENCY,Uttar Pradesh,Lucknow,17-08-2017,29-06-2022,Sarojini Nagar,4906,26-45'40',80-57'39',VINOD DHAON,,
