Registration Number,Professional Name,RERA Certificate No.,Professional Type,Type of Contractor,Registration Number,Name of the firm,Address of the firm,Year of establishment,Name of Promoters Associated with,Key projects completed,Type of Professional
K-RERA/PRJ/TVM/215/2024,Dharmakeethi A,NA,Architect,NA,CA/94/17475,Keerthi and Bhavana,"TC-15/1526 (1), No.48, MP Appan Road, Vazhuthacaud, Thiruvananthapuram- 695 014",1994,"SFS, Favourite Homes","1. SFS Standford, Mukkola 2. Palmgrove NXT, Near Akkulam, Trivandrum",NA
K-RERA/PRJ/TVM/215/2024,Karthik K,NA,Engineer,NA,AM1782617,NA,NA,2018,"Cordial Foundation pvt Ltd, Cordial Properties India Pvt Ltd","Cordial Skyview, Jagathy",NA
K-RERA/PRJ/TVM/215/2024,M Ramesh Kumar,NA,Chartered Accountant,NA,0107455,M Ramesh Kumar and Co,"Krishnageetham, VNRA167, Bhagavathy Nagar, NCC Road, Ambalamukku, Trivandrum 695005",1989,"Cordial Properties India Pvt Ltd, COrdial Foundation Pvt Ltd, Cordial Developers Pvt Ltd",Cordial Skyview,NA
K-RERA/PRJ/TVM/152/2023,RAGESH R,NA,Architect,NA,CA/2004/33262,SOORYA DESIGN CONSULTANCY,"TC-7/905, PTP NAGAR ROAD, MARUTHANKUZHY SASTHAMANGALAM",2004,"CORDIAL HOMES PVT LTD, SUN HOMES Pvt Ltd","CORDIAL DHANYAM KANJIRAMPARA, CORDIAL GITANJALI VELLAYAMBALAM AND CORDIAL JEMS MEDICAL COLLEGE",NA
K-RERA/PRJ/TVM/152/2023,DEEPAK DHANANJAYAN,NA,Engineer,NA,AM1752343,DHANUSS,"DHANUSS, TC No. 37/2138, KODUNGANOOR P.O, VATTIYOORKAVU",2017,CORDIAL HOMES PVT LTD,"CORDIAL JEMS, CORDIAL GITANJALI, CORDIAL DHANYAM",NA
K-RERA/PRJ/TVM/152/2023,M RAMESHKUMAR,NA,Chartered Accountant,NA,FRN0010745S,M RAMESH KUMAR CO,KRISHNAGEETHAM AMBALAMUKKU NCC ROAD PEROORKADA,1989,ARTECH,"CORDIAL DHANYAM, CORDIAL GITANJALI, CORDIAL JEMSARTECH LEXUS",NA
K-RERA/PRJ/TVM/123/2023,MANOJ G,NA,Architect,NA,CA/2009/44535,MANOJ ASSOCIATES,"SREESAILAM, MYLOM, NEAR TEMPLE,MYLOM PO, KOTTARAKKARA, KOLLAM PIN691560",2009,ARTECH REALTORS PVT LTD,ARTECH LUXUS,NA
K-RERA/PRJ/TVM/123/2023,BIJU K O,NA,Engineer,NA,M102894-9,K O BIJU ASSOCIATES,"FLAT NO 2B, ESAR DEEPAM, ELANJUMOOD LANE, EDAPAHIJI, TRIVANDRUM",1990,ARTECH REALTORS PVT LTD,ARTECH GATEWAY,NA
K-RERA/PRJ/TVM/123/2023,M RAMESH KUMAR,NA,Chartered Accountant,NA,028578,M RAMESH KUMAR & CO,"KRISHNAGEETHAM,167 BHAGAVATHY NAGAR NCC ROAD AMBALAMUKK THIRUVANANTHAPURAM",2004,ARTECH REALTORS PVT LTD,ARTECH LUXUS,NA
K-RERA/PRJ/TVM/123/2023,HARI K S,NA,Chartered Accountant,NA,0123735,HARI PILLAI AND CO CHARTERED ACCOUNTANTS,"1ST FLOOR, MLR-106, MANAGALAM LANE, SASTHAMANGALAM, TRIVANDRUM, KERALA- 695010",2009,ARTECH REALTORS PVT LTD,ARTECH PANORAMA,NA
K-RERA/PRJ/TVM/117/2024,Nijas Najeem,NA,Architect,NA,CA/2023/157426,KB Architect,"Kannayil Benglow,Medamukku,Kayamkulam",2017,"Muthoot, Artech, SGS,SARGA,THULASI DEVELOPERS, KA ASSOCIATES","Muthoot sasthamangalam,Artech nest Pipinmoodu, Sudarsanam villas phase-1,2,3,4, Pullukad villas,Oceanus villas Kochi",NA
K-RERA/PRJ/TVM/117/2024,Lekshmi R,NA,Engineer,NA,E-6382/16/EA-16,self,"Vayalil Puthen veedu,Koikkal Lane,Kannamoola,Medical College P O, Thiruvananthapuram",2016,Oceanus Dwellings Pvt Ltd,"Oceanus Elite, Oceanus Mythrikas",NA
K-RERA/PRJ/TVM/117/2024,Sheela Benny,NA,Chartered Accountant,NA,019405,SAVR&Associates,"1st floor,Prince Complex, Market Road, Aluva",2019,"Green Natural Extracts Pvt Ltd, Aluva, Industrial Engineering Corporation, South kalamassey, Mastek Constructions Pvt Ltd, Muppathadam, Aluva, Dreamzwell Technical Services Pvt Ltd, Kochi.","Green Natural Extracts Pvt Ltd, Aluva, Industrial Engineering Corporation, South Kalamassery, Mastek Constructions Pvt Ltd, Muppathadam, Aluva, Dreamzwell Technical services Pvt Ltd Ernakulam.",NA
K-RERA/PRJ/TVM/099/2022,RAGESH R,NA,Architect,NA,CA/2004/33262,Soorya Design Consultancy,"TC 38/51, MARUTHANKUZHY, THIRUVANANTHAPURAM",2017,Contour,Contour Island Resort Wayanad,NA
K-RERA/PRJ/TVM/099/2022,DEEPAK DHANANJAYAN,NA,Engineer,NA,AM1752343,DEEPAK,"DHANUSS, VATTIYOORKAVU VILLAGE, KODUNGANOOR P.O, THIRUVANANTHAPURAM 695013",2017,CORDIAL,CORDIAL BHARATHI,NA
K-RERA/PRJ/TVM/099/2022,M RAMESH KUMAR,NA,Chartered Accountant,NA,010745S,M RAMESH KUMAR & CO,"KRISHNAGEETHAM, BNRA 167, BAGAVATHY NAGAR, NCC ROAD, AMBALAMUKKU, THIRUVANANTHAPURAM 695005",1989,ARTECH,ARTECH THAMPURAN,NA
K-RERA/PRJ/TVM/096/2024,Sidharth Vijayan M,NA,Architect,NA,CA/2012/57907,Neospace Architects,"TC 7, Medical College, 1225, RG 36, P.O, Pongumoodu, Thiruvananthapuram, Kerala 695011",2005,"Grandeur homes, Cordial Developers Pvt Ltd","le-reva villas trippadapuram tvm, attrium stuctures grandeur homes kudappanakkunnu, RP international impact milestone trippadapuram, Vijaya international convention centre, thiruvalla",NA
K-RERA/PRJ/TVM/096/2024,VIVVEK V,NA,Engineer,NA,M1594915,CORDIAL DEVELOPERS PVT LTD,"EVRA 431, Easwara Vilasam road, Cotton hill,Vazhuthacaud, 695014",2021,Cordial Developers Pvt Ltd,"Cordial Amity, Cordial Adithya",NA
K-RERA/PRJ/TVM/096/2024,M RAMESH KUMAR,NA,Chartered Accountant,NA,010745 S,M RAMESH KUMAR AND CO,"BNRA 167, KRISHMAGEETHAM, BHAGATHY NAGAR, NCC ROAD ,AMBALAMUKKU, 695005",2004,"Cordial Homes Pvt Ltd, Cordial Properties Indian Pvt Ltd","Cordial Adithya, Cordial Bharathi",NA
K-RERA/PRJ/TVM/086/2023,RAGESH R,NA,Architect,NA,CA/2004/33262,SDC ARCHITECTS,"TC 7/905, PTP NAGAR ROAD, MARUTHANKUZHY, SASTHAMANGALAM",2004,CORDIAL HOMES,"CORDIAL JEMS, GITANJALI, DHANYAM",NA
K-RERA/PRJ/TVM/086/2023,DEEPAK DHANANJAYAN,NA,Engineer,NA,AM1752343,DEEPAK,"DHANUSS, VATTIYOORKAVU VILLAGE, KODUNGANOOR P O, THIRUVANANTHAPURAM, 695013",2017,CORDIAL,CORDIAL DHANUSS,NA
K-RERA/PRJ/TVM/086/2023,M RAMESHKUMAR,NA,Chartered Accountant,NA,0107455,M RAMESH KUMAR &CO,"KRISHNAGEETHAM, BNRA 167, BHAGAVATHY NAGAR, NCC ROAD, AMBALAMUKKU, THIRUVANANTHAPURAM, 695005",1989,ARTECH,ARTECH THAMPURAN,NA
K-RERA/PRJ/TVM/069/2023,MANOJ G,NA,Architect,NA,CA/2009/44535,MANOJ ASSOCIATES,"SREESAILAM , MYLOM ,NEAR TEMPLE, MYLOM P O , KOTTARAKKARA, KOLLAM, PIN 691560",2009,ARTECH REALTORS PVT LTD,ARTECH LUXUS,NA
K-RERA/PRJ/TVM/069/2023,Biju K O,NA,Engineer,NA,M102894-9,K O Biju Associates,"Flat No. 2B, Esar Deepam, Elanjumood lane ,Edapazhiji, Trivandrum",1990,artech Realtors Pvt Ltd,Artech Gateway,NA
K-RERA/PRJ/TVM/069/2023,M RAMESH KUMAR,NA,Chartered Accountant,NA,028578,M RAMESH KUMAR & CO,"KRISHNAGEETHAM, 167,BHAGAVATHY NAGARNCC ROADAMBALAMUKK THIRUVANANTHAPURAM",2004,ARTECH REALTORS,ARTECH LEXUS,NA
K-RERA/PRJ/TVM/044/2024,Dharmakeerthi A,NA,Architect,NA,CA/94/17475,Keerthi & Bhavana Architects & Interior Designer,Ms Keerthi and Bhavana Architects and Interior Designers TC15 1526 1 No 48 MP Appan Road Vazhuthacaud Trivandrum 695014,1994,PRS Build India Pvt. Ltd.,PRA Ramsaras,NA
K-RERA/PRJ/TVM/044/2024,S Ravikumar,NA,Engineer,NA,PWD Executive Engineer,Ravikumar Associates,"Ravikumar Associates, TC 25/1975, Nirmala Sadan, Thycadu, Thiruvanathapuram, 695014",1997,PRS Build India Private Limited,1. A Church for Seventh day Adventist at Trivendrum 2. A Church for Seventh day Adventist at Trivendrum 3. PRS,NA
K-RERA/PRJ/TVM/044/2024,Suresh S,NA,Chartered Accountant,NA,203716,Sankar & Moorthy CA,"TC 80/2538, APRA-9, Airport Rooad, West Fort, trivandrum",1978,PRS Build India Pvt. Ltd.,"PRS Param Ratna, PRS Krishna",NA
K-RERA/PRJ/TVM/021/2024,SAJAN SALAM,NA,Architect,NA,CA/40207/2018,VGA ASSOCIATES,"VGA ARCHITECTS,KRA-D25A,KURAVANKONAM, NEAR HARRY FORD SHOW ROOM,KOWDIAR, TRIVANDRUM",2008,VGA ASSOCIATES,"B CANTI,PMG NAGAR TRIVANDRUM",NA
K-RERA/PRJ/TVM/021/2024,SHIBU MATHEW,NA,Engineer,NA,E-12150/19/SS-319/KLM,SHIBU,"VAANETH VAYALA PO, ANCHAL, KOLLAM",2008,SHIBU MATHEW,"SHANOOR NALANDA, SHANOOR METRO SQUARE",NA
K-RERA/PRJ/TVM/021/2024,UMMATHAM KUZHIYIL AYESHA SHIFA,NA,Chartered Accountant,NA,247803,PN RAJ AND ASSOCIATES,PN RAJ AND ASSOCIATES KOTTAYAM,2000,PN RAJ AND ASSOCIATES,"SHANOOR METRO SQUARE, SHANOOR NALANDA",NA
K-RERA/PRJ/TSR/108/2024,MR JOY AMBOOKEN,NA,Architect,NA,CA 94/17232,Ms Joy Ambooken & Associates,"Dr O k John Memorial Building, Mission Quarters, Ikkanda Warrier Road Thrissur-1",2016,"elroi,HILIFE","Hi- LIfe Capitol, Candila Apartments, Hilife gratia Elori Shop",NA
K-RERA/PRJ/TSR/108/2024,MRS LIMI JAIN,NA,Engineer,NA,G6-3632/18/632/EA,MS JOY AMBOOKEN,"2ND FLOOR, MO JOHN BUILDING,MANOROMA ROAD, THRISSIR",1996,HILIFE BUILDERS,"HILIFE CAPITOL,HILIFE GRATIA",NA
K-RERA/PRJ/TSR/108/2024,C I FRANCIS,NA,Chartered Accountant,NA,204086,FRANCIS AND ASSOCIATES,"XII/35 CASINO COMPLEX,T B ROAD THRISSUR",2003,MR VINOD,CAPITOL,NA
K-RERA/PRJ/TSR/068/2024,SUJIT NAIR,NA,Architect,NA,CA/2003/31934,SDEG,"113, 3RD FLOOR, 2ND CROSS, 2ND MAIN ROAD, EAST OF NGEF, KASTURINAGAR, BANGALORE",2007,"FORUS INITIATIVES, MODERN SPAACES, SUYUG, SEKHAR GROUP","THE KORAMANGALA CLUB EXTN , URBANEST - MODERN SPACES, FEMIINT CHAITHANYA DEVELOPERS",NA
K-RERA/PRJ/TSR/068/2024,M SREEKUMAR,NA,Engineer,NA,BCC/BL-3 6/SE/283/18-19,STRUCTURAL SOLUTIONS,"186E, GROUND FLOOR, 5TH MAIN , ST.BED LAYOUT, 4TH BLOCK, BANGALORE",2004,FORUS INITIATIVES,"FORUS FLORA HEIGHTS, FORUS VRINDAVANAM",NA
K-RERA/PRJ/TSR/068/2024,G ANOOP,NA,Chartered Accountant,NA,021165,MOHANDAS AND ASSOCIATES,"3RD FLOOR, SREE RESIDENCY, PRESS CLUB ROAD, THRISSUR-1",1986,FORUS INITIATIVES,"FORUS MATHURA,FORUS COSY NEST",NA
K-RERA/PRJ/KKD/204/2024,SAMEER TK,NA,Architect,NA,CA/2018/100713,DE ECO ARCHITECTS,"ARCHITECTURAL PLANNING- INTERIOR- LANSCAPE, VENGARA, MINI BAZAR, CHERUR ROAD",2017,REIGATE BUILDERS (P)LTD,NILL,NA
K-RERA/PRJ/KKD/204/2024,HARIPRASAD KV,NA,Engineer,NA,E-2050/08/14415/KKD/253/2019/EA,BIRD building industry research development,"13/710 -ANNIE HALL ROAD, CALICUT-673002",2010,REIGATE BUILDERS (P)LTD.,"FINSBURY PARK, BLUEMONT PARK",NA
K-RERA/PRJ/KKD/204/2024,C NAGARAJU,NA,Chartered Accountant,NA,243063,C NAGARAJU & ASSOCIATES,"ROOM NO. 105,PENDEKATI COMMERCIAL COMPLEX,MAIN BAZAR, NEAR AMMAVARISALA, NANDYAL,518501",2017,REIGATE BUILDERS(P)LTD.,SERENITY FINSBURY PARK BLUEMONT PARK,NA
K-RERA/PRJ/ERN/208/2023,Jeswin Varghese,NA,Architect,NA,CA/2019/107692,PRAJC Design Consultants LLP,"PRAJC Design Consultant, First Floor, CSI Complex, Kanjikuzhy, Kottayam - 686004",2020,Oxygen Digitals Greenland Villas Telnova Networks Kochi,Oxygen Digitals Kavani Bridals Kottayam House of Volumes Kottayam Greenland Villas Perumbavoor,NA
K-RERA/PRJ/ERN/208/2023,Haroon Rasheed,NA,Engineer,NA,M-155720-8,HAROON & SUNITHA ASSOCIATES,"Haroon and Sunitha Associates,Penta Estate, South Janatha Road, palarivattom",2010,NA,4 storey Apartment Building for Mr. Ansal at Karuvalippady,NA
K-RERA/PRJ/ERN/208/2023,LAZAR DOMINIC,NA,Chartered Accountant,NA,016681S,BLV AND ASSOCIATES,"3rd Cross Road ,Girinagar Housing Colony, Kadavanthara",1984,C.A PT BASTIN,"BUILDOWN - GOLDEN HEIGHTS, CLOUD VILLE, THE HAVENS, CASADEL BUILDERS - TOWN SUITES,INHOUSE BUILDERS- SEVENTH AVENUE,SPACETON-TREETALES,SYNTHITE REALITY-PEPPERVINE,PIMENTO GARDEN",NA
K-RERA/PRJ/ERN/163/2024,Vijith Jagadeesh,NA,Architect,NA,CA/2002/29716,Vijith Jagadeesh Architects,"34/269 ,Beerakkutty Road ,Near Chilton Tower ,Edappally Kochi-682 024",2000,Dreamflower housing Projects,Dreamflower Magna Opus,NA
K-RERA/PRJ/ERN/163/2024,S Sunilkumar,NA,Engineer,NA,G6-2139/08/23/EA,Yeskay Constructions,"2nd floor,Sreemuruga Building ,Kaloor",1987,"Malabar Developers, Skyline, Olive Etc.","Skyline 24 Carrot , Yeskay Regalia ,Malabar Grand Maple",NA
K-RERA/PRJ/ERN/163/2024,Pankajakshan,NA,Chartered Accountant,NA,M No. 012818 (FRN - 25635),Pankajakshan & Associates Chartered Accountants,"Anu,SRM Road,Cochin-682018",2000,Will add,will add,NA
K-RERA/PRJ/ERN/163/2024,S Sunilkumar,NA,Contractor,Others - Civil Work,NA,NA,NA,NA,NA,NA,NA
K-RERA/PRJ/ERN/146/2024,Anjith Augustine,NA,Architect,NA,CA/2011/54292,CITY FUTURES,"City Futures, Painadath, Neericode P.O, Aluva 683511",2013,"Necta Builders, Paul Antony Builders, Myhome Builders","Palm Village Aluva, Nectar isle aluva, Iceland convenction centre Aluva",NA
K-RERA/PRJ/ERN/146/2024,NIZAM ALI K A,NA,Engineer,NA,E- 2050/08/8666/KKD/200/2016/EA,TECHNICONS STRUCTURAL CONSULTANTS & ARCHITECTS,"MRA-132, SEAPORT AIRPORT ROAD, MAVELIPURAM COLONY, KAKKANAD, KOCHI 682030",2000,Casadel Builders India Pvt Ltd,"Casadel Dancing woods, Casadel Townwalk, Casadel Skyscape",NA
K-RERA/PRJ/ERN/146/2024,LAZAR DOMINIC,NA,Chartered Accountant,NA,229870,L V & CO,"RAMADA ADMIN BLOCK, P. V SREEDHARAN ROAD, KUMBALAM, COCHIN",2016,VIVEK THOMAS,"CASADEL BUILDERS INDIA PVT LTD, CONFIDENT GROUP, SPACETON BUILDERS",NA
K-RERA/PRJ/ERN/093/2022,MARIAMMA JACOB,NA,Architect,NA,CA/84/8026,MAYPHIL ARCHITECTS AND INTERIOR CONSULTANTS,"3RD FLOOR, ALPHA PLAZA, K.P.VALLON ROAD, KADAVANTHRA, KOCHI - 682020",1984,NA,NA,NA
K-RERA/PRJ/ERN/093/2022,Lalithakumari Amma,NA,Engineer,NA,M.110535-10,Lalithakumari Amma,"Krishna,Chilavannoor Road,Kochi - 682020.",2008,NA,NA,NA
K-RERA/PRJ/ERN/093/2022,Jayson Jacob Mathew,NA,Chartered Accountant,NA,229234,SAJU & Co,"61/2956 B1, 2nd Floor, Pine Gardens, VRM Road, Ravipuram, Kochi, 682016",1984,Stanly James,NA,NA
K-RERA/PRJ/ERN/076/2023,Arun Kumar,NA,Architect,NA,CA/96/20236,Sobha Limited,"Sarjapur, Marthahalli Outer Ring Road, Bellandur, Bangalore, Karnataka 560103",1996,NA,NA,NA
K-RERA/PRJ/ERN/076/2023,Balakrishnan G,NA,Engineer,NA,F-124976-9,Sobha Limited,"Sarjapur, Marthahalli Outer Ring Road, Bellandur, Bangalore, Karnataka 560103",1996,NA,NA,NA
K-RERA/PRJ/ERN/076/2023,D Balaji,NA,Chartered Accountant,NA,217390,Balaji and Sivasankar,"2nd Floor, No.11, 9th Cross, 3G Cross, Ramiah Layout, Kacharkanahalli, Bangalore 560084",2005,NA,NA,NA
K-RERA/PRJ/ERN/076/2023,PropertyPistol Realty Private Limited,K-RERA/AG/0044/2022,Real Estate Agent,NA,NA,NA,NA,NA,NA,NA,NA
K-RERA/PRJ/ERN/076/2023,Jobil Johnson,K-RERA/AG/0006/2022,Real Estate Agent,NA,NA,NA,NA,NA,NA,NA,NA
K-RERA/PRJ/ERN/076/2023,VIJAY KUMAR DAMANI,K-RERA/AG/0055/2021,Real Estate Agent,NA,NA,NA,NA,NA,NA,NA,NA
K-RERA/PRJ/ERN/076/2023,NEETHU T K,K-RERA/AG/0089/2021,Real Estate Agent,NA,NA,NA,NA,NA,NA,NA,NA
K-RERA/PRJ/ERN/076/2023,PREGIN KOTTAYI,K-RERA/AG/0078/2021,Real Estate Agent,NA,NA,NA,NA,NA,NA,NA,NA
K-RERA/PRJ/ERN/076/2023,VIDHYADHARAN T S,K-RERA/AG/0050/2021,Real Estate Agent,NA,NA,NA,NA,NA,NA,NA,NA
K-RERA/PRJ/ERN/070/2022,PT SUBASH,NA,Architect,NA,CA/89/12646,FORM PLUS ARCHITECTS,"CALICUT,CO.OP. HOUSE CONSTRUCTION SOCIETY BUILDING,YMCA CROSS ROAD CALICUT",2012,NANMA PROPERTIES,"DM HEALTHCARE PVT. WAYANAD,NANMA CASTLE ROCK VYPIN,SILVER BUILDERS APARTMENT, NANMA SACRAMENTO PROVIDENCE CALICUT",NA
K-RERA/PRJ/ERN/070/2022,ASHEEN PANAKKAT,NA,Engineer,NA,U70100KL2012PLC030723,NANMA PROPERTIES,"2B,34/137D EASTERN CORPORATE OFFICE, NHBYPASS EDAPALLY-682024",2012,"MANJOORAN HOUSING CORP. , BHAVANAM FOUNDATION KERALA,CASTLE ROCK","PHOENIX APARTMENT EDAPPALLY,CASTLEROCK APARTMENT VYPIN,BHAVANAM FOUNDATION KERALA ADIMALY,NANMA FENIX ALUVA",NA
K-RERA/PRJ/ERN/070/2022,CA JOJO AUGUSTINE,NA,Chartered Accountant,NA,010560S,BSJ ASSOCIATES,"1ST FLOOR,VEEKSHANAM ROAD,COCHIN-682018",2004,NANMA PROPERTIES,"FENIX ALUVA,SACRAMENTO PROVIDENCE",NA
K-RERA/PRJ/ERN/065/2024,MARIAMMA JACOB,NA,Architect,NA,CA/84/8026,MAYPHIL ARCHITECTS AND INTERIOR CONSULTANTS,"3rd Floor,Alpha Plaza,K.P.Vallon Road,Kadavanthra,Kochi - 682020",1984,NA,NA,NA
K-RERA/PRJ/ERN/065/2024,Lalithakumari Amma,NA,Engineer,NA,M.110535-10,Lalithakumari Amma,"Krishna,Chilavannoor Road,Kochi - 682020.",2008,NA,NA,NA
K-RERA/PRJ/ERN/065/2024,Jayson Jacob Mathew,NA,Chartered Accountant,NA,229234,SAJU & Co,"61/2956 B1,2nd Floor,Pine Gardens,VRM Road,Ravipuram,Kochi - 682016.",1984,Stanly James,NA,NA
K-RERA/PRJ/ERN/058/2024,Jose Mathew,NA,Architect,NA,CA/2008/43516,Build Own Developers Pvt Ltd,"Villa No 1, The Cloud Ville, Thengode P O, Millumpadi, Kakkanad, Kochi, Kerala 682030",2018,Renjith Kumar,Residential villa,NA
K-RERA/PRJ/ERN/058/2024,Jithiya Joseph,NA,Engineer,NA,G6/3144/2021/551/CA,Build Own Developers Pvt Ltd,"Villa No 1, The Cloud Ville, Thengode P O, Millumpadi, Kakkanad, Kochi, Kerala 682030",2018,Renjith Kumar,Residential Villas,NA
K-RERA/PRJ/ERN/058/2024,LAZAR DOMINIC,NA,Chartered Accountant,NA,0166815,BLV AND ASSOCIATES,"3rd Cross road, Giri Nagar Housing coloney, Kadavanthara",1984,CA PT BASTIN,"BUILDOWN-GOLDEN HEIGHTS,CLOUDVILLE,THE HAVENS,CASADEL BUILDERS-TOWN SUITES",NA
K-RERA/PRJ/ERN/043/2021,ANUJ GOPAKUMAR,NA,Architect,NA,CA/2003/32184,Kumar Group Total Designers,"Kent Glass House, 30/1059E, 39, Kaniyampuzha Rd, Vyttila, Kochi, Kerala 682019",2003,AVNI HOMES,0,NA
K-RERA/PRJ/ERN/043/2021,ANIMON MATHEW,NA,Engineer,NA,G6-2544/10/316/EA,Associated Builders Structural Designers,"Puthiri towers, Near KSRTC, Thodupuzha, Thodupuzha, Idukki - 686668",2000,AVNI HOMES,0,NA
K-RERA/PRJ/ERN/043/2021,Rijo P Thomas,NA,Chartered Accountant,NA,0155485,RJS & Co Chartered Accountants,"2nd floor, P C Chambers, Ashir Bhavan Ln, Kacheripady, Ernakulam, Kerala 682018",2000,Avni Homes,0,NA
K-RERA/PRJ/ERN/040/2024,Arun kumar,NA,Architect,NA,CA/96/20236,Sobha Limited,"Sobha Limited, Sarjapur-Marthahalli, ORR,Bellandur Post,Bangalore- 560103.",1995,NA,NA,NA
K-RERA/PRJ/ERN/040/2024,Balakrishnan G,NA,Engineer,NA,F-124976-9,Sobha Limited,"Sobha Limited, Sarjapur- Marthanahalli ORR, Devarabisanahalli, Bellandur Post, Bangalore-560103",1999,NA,0,NA
K-RERA/PRJ/ERN/040/2024,D Balaji,NA,Chartered Accountant,NA,217390,Balaji and Sivasankar,"11,9th Cross Road, 3G Cross Ramiah Layout,Kacharakanahalli,Bangalore-560084",2019,NA,0,NA
K-RERA/PRJ/ERN/040/2024,PropertyPistol Realty Private Limited,K-RERA/AG/0044/2022,Real Estate Agent,NA,NA,NA,NA,NA,NA,NA,NA
K-RERA/PRJ/ERN/040/2024,T J Skaria,K-RERA/AG/0023/2023,Real Estate Agent,NA,NA,NA,NA,NA,NA,NA,NA
K-RERA/PRJ/ERN/009/2025,MARIAMMA JACOB,NA,Architect,NA,CA/84/8026,MAYPHIL ARCHITECTS AND INTERIOR CONSULTANTS,"3rd Floor,Alpha Plaza,K.P.Vallon Road,Kadavanthra,Kochi - 682020",1984,NA,NA,NA
K-RERA/PRJ/ERN/009/2025,Lalithakumari Amma,NA,Engineer,NA,M.110535-10,Lalithakumari Amma,"Krishna,Chilavannoor Road,Kochi - 682020.",2008,NA,NA,NA
K-RERA/PRJ/ERN/009/2025,Jayson Jacob Mathew,NA,Chartered Accountant,NA,229234,SAJU & Co,"61/2956 B1,2nd Floor,Pine Gardens,VRM Road,Ravipuram,Kochi - 682016.",1984,Stanly James,NA,NA
K-RERA/PRJ/90/2020,Mr George John,NA,Architect,NA,CA/2002/30424,RC Architecture Private Limited,"16, Serpentine Street, Richmond Town, Bengaluru, Karnataka-560025",2001,Artech Realestate Private Limited,"1. Artech Courtyard Tower ,Trivandrum, 2. Veterinary College, Punalur, 3. BESCOM Office, Bangalore",NA
K-RERA/PRJ/90/2020,Mr Abraham Joseph,NA,Engineer,NA,F-106552-8,Mr Abraham Joseph,"House No.54, Adarsh Nagar, Pattom, Trivandrum",1992,1) G.M. Projects at Condor Builders 2) Retired Superintending Engineer at CPWD,"1) Cochin International Airport Private Limited 2) Taj Green Cove , Kovalam 3) Marigold Apartments",NA
K-RERA/PRJ/90/2020,Mr Abraham Cherian,NA,Chartered Accountant,NA,202759,A Cherian & Associates,"Puthuparambil, Manganam. P.O, Kottayam-686018, Kerala",2006,"N,A",N.A,NA
K-RERA/PRJ/345/2020,Prince B,NA,Architect,NA,CA-2009/44309,EngineeringSolutions,"XV/263,Shappumukku,Kadavoor PO ,Kollam-691601",2009,0,0,NA
K-RERA/PRJ/345/2020,Dinesh K,NA,Engineer,NA,E-2050/08/437/KKD/21/ED,Dinesh,"Island Nivas,Athanikkal,Karad PO,Vaniyambalam,Vandoor,Malappuram 679339",2010,0,5,NA
K-RERA/PRJ/345/2020,Saju K R,NA,Chartered Accountant,NA,010639S,Jayakumar George & Associates,"Akhilaiswaryam,Thampuran Nagar M6 Edapazhanji Sasthamangalam P O ,Thiruvananthapuram 695010",2004,Saju K R,0,NA
K-RERA/PRJ/315/2020,ABHAY ITTY ZACHARIAH,NA,Architect,NA,CA/2010/47015,ZACHARIAH CONSULTANTS,"ASHLEY PARK,OFF BRUNTON ROAD, RICHMOND TOWN,BANGLORE 560025",2016,ABHAY ITTY ZACHARIAH,PRESTIGE PARK VIEW,NA
K-RERA/PRJ/315/2020,ARUN NADIG,NA,Engineer,NA,BCC/BL/E-4059,NADIG CONSULTING,"G2, PRIDE ELITE, 10, MUESUM ROAD, BANGALORE 560001",2015,ARUN NADIG,"PRESTIGE TRANQUILITY, PRESTIGE FALCON CITY",NA
K-RERA/PRJ/315/2020,M PADMANABHA BHAT,NA,Chartered Accountant,NA,025305,M PADMANABHA BHAT,"26,ARADHANA,8TH CROSS, KAGGSDASAPURA,C V RAMAN NAGAR, BANGALORE",2008,PADMANABHA BHAT,.,NA
K-RERA/PRJ/315/2020,CAPACITE INFRAPROJECTS LIMITED,NA,Contractor,RCC/Form works contractor,NA,NA,NA,NA,NA,NA,NA
K-RERA/PRJ/253/2020,Arun Kumar,NA,Architect,NA,CA/96/20236,Sobha Limited,"Sarjapur Marthahalli Outer Ring Road,Bellandur,Karnataka-560103",1996,NA,0,NA
K-RERA/PRJ/253/2020,Balakrishnan G,NA,Engineer,NA,F-124976-9,Sobha Limited,"Sarjapur Marthahalli Outer Ring Road,Bellandur,Karnataka-560103",1996,NA,0,NA
K-RERA/PRJ/253/2020,D Balaji,NA,Chartered Accountant,NA,217390,Balaji & Sivasankar,"2nd Floor,No.11,9th Cross,3G Cross,Ramiah Layout,Kacharkanahalli,Bangalore-560084",2005,NA,0,NA
K-RERA/PRJ/252/2020,Arun Kumar,NA,Architect,NA,CA/96/20236,Sobha Limited,"SarjapurMarthahalli Outer Ring Road,Bellandur,Karnataka-560103",1996,NA,0,NA
K-RERA/PRJ/252/2020,Balakrishnan G,NA,Engineer,NA,F-124976-9,Sobha Limited,"Sarjapur Marthahalli Outer Ring Road,Bellandur,Karnataka-560103",1996,NA,0,NA
K-RERA/PRJ/252/2020,D Balaji,NA,Chartered Accountant,NA,217390,Balaji & Sivasankar,"2nd Floor,No.11,9th Cross,3G Cross,Ramiah Layout,Kacharkanahalli,Bangalore-560084",2005,NA,0,NA
K-RERA/PRJ/251/2020,Arun Kumar,NA,Architect,NA,CA/96/20236,Sobha Limited,"Sarjapur Marthahalli Outer Ring Road,Bellandur,Karnataka-560103",1996,NA,0,NA
K-RERA/PRJ/251/2020,Balakrishnan G,NA,Engineer,NA,F-124976-9,Sobha Limited,"Sarjapur Marthahalli Outer Ring Road,Bellandur,Karnataka-560103",1996,NA,0,NA
K-RERA/PRJ/251/2020,D Balaji,NA,Chartered Accountant,NA,217390,Balaji & Sivasankar,"2nd Floor,No.11,9th Cross,3G Cross,Ramiah Layout,Kacharkanahalli,Bangalore-560084",2005,NA,0,NA
K-RERA/PRJ/243/2020,Jayakrishnan K B,NA,Architect,NA,CA/95/18893,JCJR Partnership,"9 Belhaven Gardens, Kowdiar P. O., Thiruvananthapuram",1998,"Oceanus Dwellings, Heera Developers, Favourite Homes","Samrudhi Lake View Apartment Thiruvananthapuram, Heera West Court Apartment Thiruvananthapuram, Heera Heritage Thiruvananthapuram, Dew Drop Apartment Thiruvananthapuram",NA
K-RERA/PRJ/243/2020,Lekshmi R,NA,Engineer,NA,E-6382/16/EA-16,Self,"Vayalil Puthenveedu, Koikkal Lane, Kannamoola, Medical College P. O., Thiruvananthapuram",2016,Oceanus Dwellings Pvt Ltd,Oceanus Elite,NA
K-RERA/PRJ/243/2020,Sheela Benny,NA,Chartered Accountant,NA,01940S,SAVR & Associates,"1st Floor, Prince Complex, Market Road, Aluva",2019,"Green Natural Extracts Pvt Ltd., Aluva, Industrial Engineering Corporation, South Kalamassery, Mastek Constructions Pvt Ltd, Muppathadam, Aluva, Dreamzwell Technical Services Pvt ltd Ernakulam","Green Natural Extracts Pvt Ltd., Aluva, Industrial Engineering Corporation, South Kalamassery, Mastek Constructions Pvt Ltd., Muppathadam, Aluva, Dreamzwell Technical Services Pvt Ltd, Ernakulam",NA
K-RERA/PRJ/235/2020,Arun Kumar,NA,Architect,NA,CA/96/20236,Sobha Limited,"Sobha Limited, Sarjapur- Marthahalli ORR, Devarabisanahalli, Bellandur Post,Banglore-560103",1995,NA,NA,NA
K-RERA/PRJ/235/2020,Balakrishnan G,NA,Engineer,NA,F-124976-9,Sobha Limited,"Sobha Limited, Sarjapur- Marthanahalli ORR, Devarabisanahlli, Bellandur Post, Banglore- 560103",1995,NA,NA,NA
K-RERA/PRJ/235/2020,D Balaji,NA,Chartered Accountant,NA,217390,Balaji and Sivasankar,"11, 9th Cross, Ramiah Layout, Kacharakanahalli, Banglore-560084",2019,NA,NA,NA
K-RERA/PRJ/138/2020,Price B,NA,Architect,NA,CA-2009/44309,EngineeringSolutions,"XV/263,Shappu Mukku,Kadavoor P O,Kollam,691601,kerala",2009,0,4,NA
K-RERA/PRJ/138/2020,Dinesh K,NA,Engineer,NA,E-2050/08/437/KKD/21/EA,Dinesh,"Island Nivas,Athanikkal,Karad PO,Vaniyambalam,Vandoor,Malappuram 679339",2010,0,5,NA
K-RERA/PRJ/138/2020,C A Saju K R,NA,Chartered Accountant,NA,010639S,Jayakumar Grorge & Associates,"Akhilaiswaryam,Thampuran Nagar -M6,Edapazhinji,Sasthamangalam P O ,Thiruvananthapuram- 695010",2009,Saju K R,0,NA
K-RERA/PRJ/138/2020,Price B,NA,Architect,NA,CA-2009/44309,EngineeringSolutions,"XV/263,Shappu Mukku,Kadavoor P O,Kollam,691601,kerala",2009,0,4,NA
K-RERA/PRJ/138/2020,Dinesh K,NA,Engineer,NA,E-2050/08/437/KKD/21/EA,Dinesh,"Island Nivas,Athanikkal,Karad PO,Vaniyambalam,Vandoor,Malappuram 679339",2010,0,5,NA
K-RERA/PRJ/138/2020,C A Saju K R,NA,Chartered Accountant,NA,010639S,Jayakumar Grorge & Associates,"Akhilaiswaryam,Thampuran Nagar -M6,Edapazhinji,Sasthamangalam P O ,Thiruvananthapuram- 695010",2009,Saju K R,0,NA
K-RERA/PRJ/096/2021,KOSHY ALEX K,NA,Architect,NA,CA/86/9765,VASTUSHILPALAYA CONSULTANCY PVT LTD,SASTHAMANAGALAM P.O TRIVANDRUM 6950010,2002,"CORDIAL PROPERTIES INDIA PVT LTD, PRIME PROPERTY DEVELOPERS","KEYSTONE APARTMENTS, MB URBAN VILLA APARTMENTS",NA
K-RERA/PRJ/096/2021,VIVVEK V,NA,Engineer,NA,M 1594915,CORDIAL FOUNDATION PVT LTD,VELAYAMBALAM TRIVANDRUM 695010,2011,CORDIAL DEVELOPERS PVT LTD,CORDIAL AMITY CORDIAL ADITHYA,NA
K-RERA/PRJ/096/2021,M RAMESH KUMAR,NA,Chartered Accountant,NA,010745 S,M RAMESH KUMAR AND CO,"BNRA 167, KRISHNAGEETHAM, BHAGATHY NAGAR, NCC ROAD AMBALAMUKKU, KERALA 695005",2004,"CORDIAL HOMES PVT LTD, CORDIAL PROPERTIES INDIA PVT LTD","CORDIAL ADITHYA, CORDIAL BHARATHI",NA
K-RERA/PRJ/052/2021,KOSHI MATHEW,NA,Architect,NA,CA/78/4396,SRISHTI,PATTOM PALALCE P.O,1978,SUGATHAN,SKYLINE DOMAIN,NA
K-RERA/PRJ/052/2021,LIJU EAPEN,NA,Engineer,NA,U74140KA2003PTC031477,SYNERGY COLLIERS INTERNATIONAL,"LINKS BUSINESS PARK, DOMLUR, BANGALORE-560071",2003,SUGATHAN,"HILTON GARDEN INN, GOLD TOWER, MALL OF JOY, TCS CAMPUS- COCHIN, DLF HEIGHTS-COCHIN",NA
K-RERA/PRJ/052/2021,RAJIV,NA,Chartered Accountant,NA,206140,RAJEEV JOSE CHARTERED ACCOUNTANTS,"SRUTHI, TC-2/1473, NALANDA GARDENS, PATTOM P.O. 695004",1998,SUGATHAN,"CAPSTOCKS, BITNIS TECHNOLOGIES",NA
K-RERA/PRJ/052/2021,JACOB MATHEW,NA,Contractor,Others - CIVIL,NA,NA,NA,NA,NA,NA,NA
K-RERA/PRJ/052/2021,KRISHNAKUMAR,NA,Other Professional,NA,NA,NA,NA,NA,NA,NA,STRUCTURAL
K-RERA/PRJ/029/2021,KIRANJITH C S,NA,Architect,NA,CA/2009/44565,DRISHTI STUDIO,"DRISHTI STUDIO,406 B,MITTAL TOWERS,NORTH 6 - MG ROAD,BANGALORE - 560003",2013,SYNTHITE INFRASTRUCTURE PROJECTS PVT LTD,"SG TOWERS,IN MIND HOSPITALS,ASHVATHA HERMITAGE APARTMENTS,GREEN TERRACES APRTMENT,SHAJ HOTELS",NA
K-RERA/PRJ/029/2021,REJI ZACHARIAH,NA,Engineer,NA,M1395785,S AND R CONSULTANTS,"S AND R CONSULTANTS,SECOND FLOOR,S AND R BUILDING,SOONORO CHURCH,FIRST CROSS ROAD,ELAMKULAM,KOCHI - 20",1999,SYNTHITE INFRASTRUCTURE PROJECTS PVT LTD,"MALABAR GOLD,G8 COMMERCIAL BUILDING,DD CITY GATE,HOYSALA NESTOR",NA
K-RERA/PRJ/029/2021,LAZAR DOMINC,NA,Chartered Accountant,NA,FRN016681S,LV AND CO CHARTERED ACCOUNTANT,"RAMADA ADMIN BLOCK,PV SREEDHARAN ROAD,KUMBALAM,COCHIN - 682506",2000,SYNTHITE INFRASTRUCTURE PROJECTS PVT LTD,RAMADA RESORT,NA
K-RERA/PRJ/029/2021,JJ CONSULTANTS,NA,Contractor,Others - CIVIL,NA,NA,NA,NA,NA,NA,NA
K-RERA/PRJ/003/2020,Dharmakeerthi,NA,Architect,NA,CA/94/17475,Keerthi&Bhavana,"MP Appan road, vazhuthacaudu, Trivandrum",1994,Nikunjam,6,NA
K-RERA/PRJ/003/2020,S Arunkumar,NA,Engineer,NA,1-9/AV/CC-TM/2019-20,AKS Group Builers and Developers,"First Floor, SMRA68, Near sreeramakrishna hospital, Sasthamangalam, Trivandrum",2015,Nikunjam,0,NA
K-RERA/PRJ/003/2020,Sreeram Sekar,NA,Chartered Accountant,NA,005637S,Sekhar & Jayanthi,"T.C 25/2648(6), 2nd floor Greens Galaxy, Ambujavoaspm Road, Stature, Trivandrum",1991,Nikunjam,0,NA
Kâ€RERA/PRJ/TVM/133/2022,Dharmakeerthi,NA,Architect,NA,CA/94/17475,Keerthi&Bhavana,"MP Appan road, vazhuthacaudu, Trivandrum",1994,Nikunjam,6,NA
Kâ€RERA/PRJ/TVM/133/2022,S Arunkumar,NA,Engineer,NA,1-9/AV/CC-TM/2019-20,AKS Group Builers and Developers,"First Floor, SMRA68, Near sreeramakrishna hospital, Sasthamangalam, Trivandrum",2015,Nikunjam,0,NA
Kâ€RERA/PRJ/TVM/133/2022,Sreeram Sekar,NA,Chartered Accountant,NA,005637S,Sekhar & Jayanthi,"T.C 25/2648(6), 2nd floor Greens Galaxy, Ambujavoaspm Road, Stature, Trivandrum",1991,Nikunjam,0,NA
Kâ€RERA/PRJ/TVM/121/2022,Dharmakeerthi,NA,Architect,NA,CA/94/17475,Keerthi&Bhavana,"MP Appan road, vazhuthacaudu, Trivandrum",1994,Nikunjam,6,NA
Kâ€RERA/PRJ/TVM/121/2022,S Arunkumar,NA,Engineer,NA,1-9/AV/CC-TM/2019-20,AKS Group Builers and Developers,"First Floor, SMRA68, Near sreeramakrishna hospital, Sasthamangalam, Trivandrum",2015,Nikunjam,0,NA
Kâ€RERA/PRJ/TVM/121/2022,Sreeram Sekar,NA,Chartered Accountant,NA,005637S,Sekhar & Jayanthi,"T.C 25/2648(6), 2nd floor Greens Galaxy, Ambujavoaspm Road, Stature, Trivandrum",1991,Nikunjam,0,NA
Kâ€RERA/PRJ/KKD/242/2024,Dharmakeerthi,NA,Architect,NA,CA/94/17475,Keerthi&Bhavana,"MP Appan road, vazhuthacaudu, Trivandrum",1994,Nikunjam,6,NA
Kâ€RERA/PRJ/KKD/242/2024,S Arunkumar,NA,Engineer,NA,1-9/AV/CC-TM/2019-20,AKS Group Builers and Developers,"First Floor, SMRA68, Near sreeramakrishna hospital, Sasthamangalam, Trivandrum",2015,Nikunjam,0,NA
Kâ€RERA/PRJ/KKD/242/2024,Sreeram Sekar,NA,Chartered Accountant,NA,005637S,Sekhar & Jayanthi,"T.C 25/2648(6), 2nd floor Greens Galaxy, Ambujavoaspm Road, Stature, Trivandrum",1991,Nikunjam,0,NA
Kâ€RERA/PRJ/ERN/109/2022,Dharmakeerthi,NA,Architect,NA,CA/94/17475,Keerthi&Bhavana,"MP Appan road, vazhuthacaudu, Trivandrum",1994,Nikunjam,6,NA
Kâ€RERA/PRJ/ERN/109/2022,S Arunkumar,NA,Engineer,NA,1-9/AV/CC-TM/2019-20,AKS Group Builers and Developers,"First Floor, SMRA68, Near sreeramakrishna hospital, Sasthamangalam, Trivandrum",2015,Nikunjam,0,NA
Kâ€RERA/PRJ/ERN/109/2022,Sreeram Sekar,NA,Chartered Accountant,NA,005637S,Sekhar & Jayanthi,"T.C 25/2648(6), 2nd floor Greens Galaxy, Ambujavoaspm Road, Stature, Trivandrum",1991,Nikunjam,0,NA
